taxonKey	year_2022_em_status_occs_Brussels	year_2022_em_status_occupancy_Brussels	year_2022_em_status_occs_BrusselsNatura2000	year_2022_em_status_occupancy_BrusselsNatura2000	year_2023_em_status_occs_Brussels	year_2023_em_status_occupancy_Brussels	year_2023_em_status_occs_BrusselsNatura2000	year_2023_em_status_occupancy_BrusselsNatura2000	year_2024_em_status_occs_Brussels	year_2024_em_status_occupancy_Brussels	year_2024_em_status_occs_BrusselsNatura2000	year_2024_em_status_occupancy_BrusselsNatura2000	mean_growth	taxonName	class	clasKey	kingdom
1017419	1	1			3	3			3	3				Oxidus gracilis (C.L.Koch, 1847)	Diplopoda	361	Animalia
1047536	3	3	1	1	3	3	3	3	1	3	3	3	1.0452673792057008	Leptinotarsa decemlineata (Say, 1824)	Insecta	216	Animalia
1309652	1	1			1	1			3	3				Dryocosmus kuriphilus Yasumatsu, 1951	Insecta	216	Animalia
1311477	3	3	3	3	3	3	3	3	2	3	3	3		Vespa velutina Lepeletier, 1836	Insecta	216	Animalia
1421091	1	2	3	1	1	2	3	3	1	2	1	1	0.6703021022581681	Lepisma saccharinum Linnaeus, 1758	Insecta	216	Animalia
1622658	1	1			2	3			3	3				Rhagoletis completa Cresson, 1929	Insecta	216	Animalia
1690429	0	1	3	1	0	1	3	1	0	1	3	1	0.45258643950302285	Meconema meridionale Costa, 1860	Insecta	216	Animalia
1718308	3	3			1	1			2	2				Acheta domesticus (Linnaeus, 1758)	Insecta	216	Animalia
1749449	3	3	3	3	2	2	3	3	2	2	3	3		Cameraria ohridella Deschka & Dimić, 1986	Insecta	216	Animalia
1932752	1	1			1	1			2	3				Cacyreus marshalli Butler, 1897	Insecta	216	Animalia
1997215	3	3			3	3			3	3				Blattella germanica (Linnaeus, 1767)	Insecta	216	Animalia
2008616	1	1	1	1	1	1	1	1	1	1	2	3		Empicoris rubromaculatus (Blackburn, 1888)	Insecta	216	Animalia
2020655	3	3	3	3	3	3	1	1	1	2	2	1	1.082752466136094	Corythucha ciliata (Say, 1832)	Insecta	216	Animalia
2020686	3	3			2	2			2	1				Stephanitis takeyai Drake & Maa, 1955	Insecta	216	Animalia
2037925	3	3	2	2	3	3	2	3	3	3	2	2	1.2623387335168654	Orientus ishidae (Matsumura, 1902)	Insecta	216	Animalia
2038171	1	1			1	1			3	3				Opsius stactogalus Fieber, 1866	Insecta	216	Animalia
2041682	3	3	3	2	3	3	2	2	3	3	2	2	1.3729164180129532	Graphocephala fennahi Young, 1977	Insecta	216	Animalia
2078852	0	2	3	3	0	0	2	3	0	0	2	2	0.5674633664681066	Nezara viridula (Linnaeus, 1758)	Insecta	216	Animalia
2095283	1	1			1	1			1	1				Pseudococcus longispinus (Targioni Tozzetti, 1867)	Insecta	216	Animalia
2153287	3	3	3	2	3	3	2	3	3	3	3	3		Zoropsis spinimana (Dufour, 1820)	Arachnida	367	Animalia
2157203	1	1			1	1			1	1				Steatoda nobilis (Thorell, 1875)	Arachnida	367	Animalia
2157245	3	3			2	2			1	1				Steatoda grossa (C.L.Koch, 1838)	Arachnida	367	Animalia
2164198	3	3			2	2			1	2				Cheiracanthium mildei L.Koch, 1864	Arachnida	367	Animalia
2225776	2	3			1	1			2	2				Eriocheir sinensis H.Milne Edwards, 1853	Malacostraca	229	Animalia
2294277	3	3			1	1			3	3				Theba pisana (O.F.Müller, 1774)	Gastropoda	225	Animalia
2295442	0	1			0	1			0	1			0.3597174702244407	Limacus flavus (Linnaeus, 1758)	Gastropoda	225	Animalia
2362030	3	3			3	3			3	3			1.472049477974735	Ctenopharyngodon idella (Valenciennes, 1844)			Animalia
2362868	3	3			1	1			2	2				Pseudorasbora parva (Temminck & Schlegel, 1846)			Animalia
2426661	1	1	1	1	1	1	1	1	1	1	1	1	0.5552747874771164	Pelophylax ridibundus (Pallas, 1771)	Amphibia	131	Animalia
2435035	0	1	0	1	0	2	0	2	1	1	0	2	0.31161350907664714	Felis catus Linnaeus, 1758	Mammalia	359	Animalia
2436940	1	1	1	1	1	1	1	1	1	1	1	1	0.6222078571706797	Oryctolagus cuniculus (Linnaeus, 1758)	Mammalia	359	Animalia
2437450	1	1	1	1	1	1	1	1	1	1	1	1	0.853974916473014	Tamias sibiricus (Laxmann, 1769)	Mammalia	359	Animalia
2439261	1	3	0	1	1	3	0	1	1	3	0	1	0.981854441828763	Rattus norvegicus (Berkenhout, 1769)	Mammalia	359	Animalia
2443002	1	1	1	1	1	1	1	1	2	2	2	2		Trachemys scripta (Thunberg In Schoepff, 1792)	Testudines	11418114	Animalia
2479226	3	1	0	0	3	1	0	0	3	1	0	0	1.1616383453637156	Psittacula krameri (Scopoli, 1769)	Aves	212	Animalia
2479407	1	3	3	3	1	3	3	3	1	3	3	3	0.9534184685891087	Myiopsitta monachus (Boddaert, 1783)	Aves	212	Animalia
2479798	3	3			3	1			3	1			1.2379478723715394	Melopsittacus undulatus (Shaw, 1805)	Aves	212	Animalia
2479977	1	1			1	1			1	1			1.0056825978456776	Nymphicus hollandicus (Kerr, 1792)	Aves	212	Animalia
2494303	1	1			1	1			1	1				Serinus canaria (Linnaeus, 1758)	Aves	212	Animalia
2495414	3	1	0	3	3	1	0	3	3	1	0	3	1.2896411783491746	Columba livia J.F.Gmelin, 1789	Aves	212	Animalia
2498034	2	0	3	2	1	1	1	1	1	1	2	2		Anser cygnoides (Linnaeus, 1758)	Aves	212	Animalia
2498252	1	0	3	0	1	0	3	0	1	0	3	0	0.9121072789312202	Alopochen aegyptiaca (Linnaeus, 1766)	Aves	212	Animalia
2498259	0	1			0	1			0	1			0.2388808404019514	Aythya nyroca (Güldenstädt, 1770)	Aves	212	Animalia
2498344	1	1			1	1			1	1			0.5454191061674627	Cygnus atratus (Latham, 1790)	Aves	212	Animalia
2498387	0	1	1	1	0	1	1	1	0	1	1	2	0.4019480445467262	Aix sponsa (Linnaeus, 1758)	Aves	212	Animalia
2498388	1	0	3	1	1	0	3	1	1	0	3	1	0.999983402722388	Aix galericulata (Linnaeus, 1758)	Aves	212	Animalia
2650107	0	3			0	3			0	3			0.5999552993567115	Azolla filiculoides Lam.	Polypodiopsida	7228684	Plantae
2650827	1	1			1	1			3	3				Cyrtomium fortunei J.Sm.	Polypodiopsida	7228684	Plantae
2683866	0	1	3	3	0	1	1	1	0	1	2	2	0.4036962785468436	Chamaecyparis lawsoniana (A.Murray bis) Parl.	Pinopsida	194	Plantae
2684191	1	1			1	1			2	3				Taxodium distichum (L.) Rich.	Pinopsida	194	Plantae
2687210	1	1	1	1	3	1	3	1	1	1	1	1		Tsuga heterophylla (Raf.) Sarg.	Pinopsida	194	Plantae
2688189	1	1			3	3			1	1				Selaginella kraussiana (Kunze) A.Braun	Lycopodiopsida	245	Plantae
2702084	3	3	3	3	3	3	3	3	3	3	3	3	1.2303729931533551	Juncus tenuis Willd.	Liliopsida	196	Plantae
2702727	0	1	0	1	0	1	1	1	0	1	1	1	0.8585068743304222	Festuca myuros L.	Liliopsida	196	Plantae
2702808	3	3	3	3	3	3	3	3	3	3	3	3	1.4198840467321223	Echinochloa crus-galli (L.) P.Beauv.	Liliopsida	196	Plantae
2703698	0	1			0	1			0	1			0.6650206244287198	Bromus sitchensis Trin.	Liliopsida	196	Plantae
2703712	0	0			0	0			0	0			0.8337066355078441	Bromus carinatus Hook. & Arn.	Liliopsida	196	Plantae
2703721	1	1	1	1	1	1	1	1	2	2	1	1		Bromus madritensis L.	Liliopsida	196	Plantae
2705090	1	1			1	1			1	1			0.9791557657278973	Panicum miliaceum L.	Liliopsida	196	Plantae
2705144	1	1			1	1			3	3				Panicum dichotomiflorum Michx.	Liliopsida	196	Plantae
2705162	1	3			1	3			1	3			0.9606134549010318	Panicum capillare L.	Liliopsida	196	Plantae
2705181	1	1			2	2			2	2				Sorghum bicolor (L.) Moench	Liliopsida	196	Plantae
2705290	1	1			1	1			1	1			0.9719655560667464	Avena sativa L.	Liliopsida	196	Plantae
2705400	2	2			1	1			2	2				Eragrostis pilosa (L.) P.Beauv.	Liliopsida	196	Plantae
2705401	1	3			1	3			1	3			0.8475548604274479	Eragrostis multicaulis Steud.	Liliopsida	196	Plantae
2705449	1	3	1	0	1	3	1	0	1	3	1	0	0.9846094357204642	Eragrostis minor Host	Liliopsida	196	Plantae
2705966	1	1			1	1			3	3				Secale cereale L.	Liliopsida	196	Plantae
2706056	0	2			0	1			0	2			0.2006954539175761	Hordeum vulgare L.	Liliopsida	196	Plantae
2715482	3	3			3	3			3	3				Cyperus eragrostis Lam.	Liliopsida	196	Plantae
2747564	2	2	2	2	3	2	2	2	1	2	2	2		Crocus tommasinianus Herb.	Liliopsida	196	Plantae
2747567	2	2	1	1	1	1	1	1	3	3	3	3		Crocus vernus (L.) Hill	Liliopsida	196	Plantae
2747939	1	1			1	1			3	3				Crocosmia ×crocosmiiflora (Lemoine) N.E.Br.	Liliopsida	196	Plantae
2753146	3	3	3	3	1	1	1	1	3	2	3	3		Lilium martagon L.	Liliopsida	196	Plantae
2765156	1	1			3	2			3	3				Tradescantia fluminensis Vell.	Liliopsida	196	Plantae
2775619	1	1			1	1			3	3				Yucca gloriosa L.	Liliopsida	196	Plantae
2781074	2	2			1	1			2	2				Hemerocallis fulva (L.) L.	Liliopsida	196	Plantae
2855356	3	3	1	1	3	3	1	1	3	3	1	1	1.0626181204966836	Galanthus nivalis L.	Liliopsida	196	Plantae
2855398	1	1	1	1	3	3	1	1	3	3	3	3		Galanthus elwesii Hook.f.	Liliopsida	196	Plantae
2855860	3	1	2	2	3	1	2	2	3	1	2	2	1.051821829253335	Allium schoenoprasum L.	Liliopsida	196	Plantae
2867614	1	3			1	1			1	1			0.9082456613405022	Lemna minuta Kunth	Liliopsida	196	Plantae
2873861	3	3	0	2	3	3	0	2	3	3	0	2	1.023370420369542	Linum usitatissimum L.	Magnoliopsida	220	Plantae
2873991	1	2			1	2			1	3			0.8543403122359321	Aristolochia clematitis L.	Magnoliopsida	220	Plantae
2876049	1	1			1	1			2	2				Corylus maxima Mill.	Magnoliopsida	220	Plantae
2876607	3	1	3	3	3	1	2	3	3	1	2	2	1.0537053282741504	Alnus cordata (Loisel.) Duby	Magnoliopsida	220	Plantae
2880539	3	1	3	1	3	1	3	1	3	1	3	1	1.2264253970298562	Quercus rubra L.	Magnoliopsida	220	Plantae
2880580	1	1			1	1			3	3				Quercus cerris L.	Magnoliopsida	220	Plantae
2888380	2	1	3	3	2	1	1	1	2	1	1	1		Eschscholzia californica Cham.	Magnoliopsida	220	Plantae
2888439	1	3	2	2	1	3	1	1	1	3	2	2	0.8994960971865781	Papaver somniferum L.	Magnoliopsida	220	Plantae
2888513	1	3	3	1	1	3	3	1	1	3	3	1	0.9477623301842061	Pseudofumaria lutea (L.) Borkh.	Magnoliopsida	220	Plantae
2888585	1	1			1	1			1	1				Viburnum tinus L.	Magnoliopsida	220	Plantae
2888625	2	2	3	3	3	3	2	3	2	2	2	2		Viburnum rhytidophyllum Hemsl. ex Forbes & Hemsl.	Magnoliopsida	220	Plantae
2888740	3	3	2	2	3	3	3	3	3	3	2	2	1.2541417690277443	Centranthus ruber (L.) DC.	Magnoliopsida	220	Plantae
2888814	1	1			2	1			2	1				Dipsacus laciniatus L.	Magnoliopsida	220	Plantae
2889019	1	2			1	1			1	2			0.8406928830944782	Rumex patientia L.	Magnoliopsida	220	Plantae
2889088	1	1	1	2	1	1	1	1	1	1	1	2	0.8841102885486894	Reynoutria sachalinensis (F.Schmidt) Nakai	Magnoliopsida	220	Plantae
2889173	3	1	3	3	3	1	3	3	3	1	3	1	1.0439511206075547	Reynoutria japonica Houtt.	Magnoliopsida	220	Plantae
2889373	1	1	1	3	1	1	1	2	1	1	1	2	0.8673716313436021	Fagopyrum esculentum Moench	Magnoliopsida	220	Plantae
2889934	0	2			0	2			0	2			0.6297228658018708	Tropaeolum majus L.	Magnoliopsida	220	Plantae
2890035	2	2			3	3			2	2				Geranium ×oxonianum P.F.Yeo	Magnoliopsida	220	Plantae
2890122	3	3	3	3	3	3	3	3	3	3	3	3	1.327052967462984	Geranium pyrenaicum Burm.f.	Magnoliopsida	220	Plantae
2890287	1	2	3	3	1	2	2	2	1	2	3	3	0.6097720047676668	Geranium nodosum L.	Magnoliopsida	220	Plantae
2890502	3	3	1	3	3	3	1	2	3	3	1	3	1.0670106466987852	Geranium endressii J.Gay	Magnoliopsida	220	Plantae
2890541	3	1	1	1	3	1	3	3	3	1	2	2	1.3257903451631392	Geranium purpureum Vill.	Magnoliopsida	220	Plantae
2891079	2	1	1	1	1	1	1	1	1	1	1	1		Geranium macrorrhizum L.	Magnoliopsida	220	Plantae
2891390	1	3	1	2	1	3	1	2	1	3	1	2	0.7663467210861722	Geranium phaeum L.	Magnoliopsida	220	Plantae
2891707	1	1			2	2			2	2				Oxalis debilis Kunth	Magnoliopsida	220	Plantae
2891755	1	1			1	1			3	3				Oxalis latifolia Kunth	Magnoliopsida	220	Plantae
2891770	1	3	1	1	1	3	1	1	1	3	1	1	0.9810668873205723	Impatiens glandulifera Royle	Magnoliopsida	220	Plantae
2891782	3	3	3	3	3	3	3	3	3	3	3	3	1.0822969897757655	Impatiens parviflora DC.	Magnoliopsida	220	Plantae
2891783	3	3			2	2			3	3				Impatiens balfourii Hook.fil.	Magnoliopsida	220	Plantae
2913169	1	1			1	1			3	3				Galium parisiense L.	Magnoliopsida	220	Plantae
2925514	3	1	2	2	3	1	3	2	3	1	3	3	1.165763677331522	Verbena bonariensis L.	Magnoliopsida	220	Plantae
2925527	1	1			1	1			3	3				Verbena hastata L.	Magnoliopsida	220	Plantae
2925895	1	1			1	1			3	3				Echium plantagineum L.	Magnoliopsida	220	Plantae
2926045	3	3			1	1			3	3				Brunnera macrophylla (Adams) I.M.Johnst.	Magnoliopsida	220	Plantae
2926110	1	3	1	1	1	3	0	1	1	3	0	1	0.9038339587383337	Borago officinalis L.	Magnoliopsida	220	Plantae
2926130	3	3	1	3	3	3	1	3	3	3	1	3	1.0954874875351766	Pentaglottis sempervirens (L.) Tausch ex L.H.Bailey	Magnoliopsida	220	Plantae
2926992	1	1	1	1	3	3	1	1	3	3	3	3		Salvia hispanica L.	Magnoliopsida	220	Plantae
2927028	3	3			1	1			3	3				Salvia nemorosa L.	Magnoliopsida	220	Plantae
2927230	3	3			1	1			1	1				Stachys byzantina K.Koch	Magnoliopsida	220	Plantae
2927305	2	1	1	1	2	1	1	1	2	3	2	3	0.6227412287532114	Lavandula angustifolia Mill.	Magnoliopsida	220	Plantae
2928226	1	0	0	3	1	0	0	2	1	0	0	2	0.8954939579866094	Phacelia tanacetifolia Benth.	Magnoliopsida	220	Plantae
2928576	1	1			2	2			2	2				Ipomoea purpurea (L.) Roth	Magnoliopsida	220	Plantae
2928751	3	3	1	2	3	3	1	2	3	3	1	2	1.0466457474659574	Datura stramonium L.	Magnoliopsida	220	Plantae
2928761	3	3	3	3	1	1	1	1	1	1	3	3		Nicotiana alata Link & Otto	Magnoliopsida	220	Plantae
2929505	1	1			3	3			1	1				Solanum villosum Mill.	Magnoliopsida	220	Plantae
2930137	3	3	2	2	3	3	2	2	3	3	2	2	1.100959556267291	Solanum lycopersicum L.	Magnoliopsida	220	Plantae
2930262	1	2	1	1	1	2	1	1	1	3	3	3	0.7959785375153314	Solanum tuberosum L.	Magnoliopsida	220	Plantae
2931237	2	2			2	2			2	2				Solanum triflorum Nutt.	Magnoliopsida	220	Plantae
2932872	1	1	2	2	1	1	1	1	1	1	2	2	0.9002759913397097	Solanum decipiens Opiz	Magnoliopsida	220	Plantae
2959443	1	1			2	2			2	2				Gleditsia triacanthos L.	Magnoliopsida	220	Plantae
2964355	1	2	3	2	1	2	2	2	1	2	2	2	0.8657126788819952	Lupinus polyphyllus Lindl.	Magnoliopsida	220	Plantae
2965331	1	1			2	2			2	2				Medicago ×varia Martyn	Magnoliopsida	220	Plantae
2971016	1	1			1	1			3	3				Melilotus indicus (L.) All.	Magnoliopsida	220	Plantae
2971095	3	3	3	1	3	3	3	1	3	3	3	1	1.0605378545428579	Melilotus albus Medik.	Magnoliopsida	220	Plantae
2972595	3	3			3	3			2	3				Onobrychis viciifolia Scop.	Magnoliopsida	220	Plantae
2974832	3	3			1	1			2	2				Vicia faba L.	Magnoliopsida	220	Plantae
2974921	1	1			1	1			3	3				Vicia villosa subsp. varia (Host) Corb.	Magnoliopsida	220	Plantae
2975667	1	3	1	1	1	2	3	3	1	3	1	1	0.7986029135114479	Galega officinalis L.	Magnoliopsida	220	Plantae
2984366	2	2			3	3			3	3				Soleirolia soleirolii (Req.) Dandy	Magnoliopsida	220	Plantae
2984532	3	3			1	1			3	3				Zelkova serrata (Thunb.) Makino	Magnoliopsida	220	Plantae
2985965	2	2	2	2	1	1	1	1	2	2	2	2		Deutzia scabra Thunb.	Magnoliopsida	220	Plantae
2986045	1	1	1	1	1	1	1	1	1	1	1	1		Philadelphus coronarius L.	Magnoliopsida	220	Plantae
2986111	1	1			1	1			1	1				Ribes aureum Pursh	Magnoliopsida	220	Plantae
2986130	1	2	1	1	1	2	1	1	1	2	2	2	0.6699141391399479	Ribes sanguineum Pursh	Magnoliopsida	220	Plantae
2986184	3	1	1	1	3	1	1	1	3	1	1	1	1.0139896725301678	Ribes alpinum L.	Magnoliopsida	220	Plantae
2988188	1	3			1	3			1	3			0.9161898297900312	Pyracantha coccinea M.Roem.	Magnoliopsida	220	Plantae
2988354	3	3			1	1			1	1				Physocarpus opulifolius (L.) Maxim.	Magnoliopsida	220	Plantae
2995149	0	2	1	1	0	2	1	1	0	2	1	1	0.35441999468732716	Rubus phoenicolasius Maxim.	Magnoliopsida	220	Plantae
2996525	1	0			1	0			1	0			0.6131040877746993	Rubus armeniacus Focke	Magnoliopsida	220	Plantae
3001244	0	1			0	1			0	1			0.7763159030047612	Malus domestica (Suckow) Borkh.	Magnoliopsida	220	Plantae
3003244	3	3	1	1	2	2	1	1	3	2	3	1		Rosa multiflora Thunb.	Magnoliopsida	220	Plantae
3003979	1	3			1	3			1	3			0.9011058968906122	Rosa rugosa Thunb.	Magnoliopsida	220	Plantae
3012089	0	3	3	3	0	2	1	1	0	2	2	2	0.5346667820421367	Sorbaria sorbifolia (L.) A.Braun	Magnoliopsida	220	Plantae
3021496	3	3	3	1	3	3	3	1	3	3	3	1	1.074328250077624	Prunus laurocerasus L.	Magnoliopsida	220	Plantae
3021730	1	3	1	3	1	3	1	3	1	3	1	1	0.9735290684923616	Prunus cerasifera Ehrh.	Magnoliopsida	220	Plantae
3021850	3	3	3	3	3	3	3	3	3	3	3	3	1.345613748392048	Prunus serotina Ehrh.	Magnoliopsida	220	Plantae
3021922	3	1	2	2	3	1	2	2	3	1	2	2	1.0228811605925074	Prunus cerasus L.	Magnoliopsida	220	Plantae
3022609	1	1			1	1			3	3				Prunus serrulata Lindl.	Magnoliopsida	220	Plantae
3024109	3	3			3	3			3	3			1.099414497656226	Amelanchier ×lamarckii F.G.Schroed.	Magnoliopsida	220	Plantae
3026074	1	1	2	2	1	1	1	1	1	1	2	2	0.7079746583383819	Cotoneaster salicifolius Franch.	Magnoliopsida	220	Plantae
3026092	2	2			2	2			3	2				Cotoneaster hjelmqvistii Flinck & B.Hylmö	Magnoliopsida	220	Plantae
3026162	0	1			0	1			0	1			0.539665767428369	Cotoneaster franchetii Boiss.	Magnoliopsida	220	Plantae
3026294	1	3	2	2	1	2	1	1	1	2	2	2	0.7304783239915296	Cotoneaster bullatus Bois ex Bilm. & Bois	Magnoliopsida	220	Plantae
3027159	2	2	1	1	1	1	1	1	2	2	2	2		Spiraea douglasii Hook.	Magnoliopsida	220	Plantae
3028528	1	3	1	3	1	3	1	1	1	3	1	2	0.9730999049002909	Alchemilla mollis (Buser) Rothm.	Magnoliopsida	220	Plantae
3031774	3	3	1	1	3	3	1	1	3	3	1	1	1.0314649644915814	Mespilus germanica L.	Magnoliopsida	220	Plantae
3032698	3	3	1	2	3	3	1	1	3	3	1	3	1.0603940676345658	Tellima grandiflora (Pursh) Douglas ex Lindl.	Magnoliopsida	220	Plantae
3033077	3	1			3	1			3	1			1.1134854213297298	Aucuba japonica Thunb.	Magnoliopsida	220	Plantae
3033227	1	3	3	3	1	2	2	2	1	2	2	2	0.8322067860174399	Eranthis hyemalis (L.) Salisb.	Magnoliopsida	220	Plantae
3033833	1	1			1	1			3	3				Delphinium ajacis L.	Magnoliopsida	220	Plantae
3033865	3	1	1	3	3	1	1	3	3	1	1	3	1.1950588408938863	Mahonia aquifolium (Pursh) Nutt.	Magnoliopsida	220	Plantae
3033896	1	1			1	1			1	1			0.8915486987122587	Berberis thunbergii DC.	Magnoliopsida	220	Plantae
3034182	3	1			3	2			3	2			1.1234099541822007	Ammi majus L.	Magnoliopsida	220	Plantae
3034393	3	1			1	1			3	3				Eryngium planum L.	Magnoliopsida	220	Plantae
3034646	3	3			1	1			3	3				Anethum graveolens L.	Magnoliopsida	220	Plantae
3034825	3	1	3	3	3	1	3	3	3	1	3	3	1.043471839471905	Heracleum mantegazzianum Sommier & Levier	Magnoliopsida	220	Plantae
3034871	2	2			2	2			3	2				Coriandrum sativum L.	Magnoliopsida	220	Plantae
3034915	1	1	1	1	1	1	3	1	3	3	3	3		Astrantia major L.	Magnoliopsida	220	Plantae
3034922	1	3	1	2	1	3	1	2	1	3	1	3	0.8919684225700242	Foeniculum vulgare Mill.	Magnoliopsida	220	Plantae
3039194	2	2			3	3			2	2				Parthenocissus quinquefolia (L.) Planch.	Magnoliopsida	220	Plantae
3039203	1	1	1	1	1	1	1	1	1	1	1	1	0.716999167764581	Parthenocissus inserta (A.Kern.) Fritsch	Magnoliopsida	220	Plantae
3040185	3	3	1	3	3	3	1	3	3	3	1	2	1.0475566829965015	Populus ×canescens (Aiton) Sm.	Magnoliopsida	220	Plantae
3040233	1	1	1	1	1	1	1	1	1	1	1	1	0.9776527114651283	Populus alba L.	Magnoliopsida	220	Plantae
3041022	3	1	3	2	3	1	3	2	3	1	3	2	1.0237548222548465	Armoracia rusticana P.Gaertn., B.Mey. & Scherb.	Magnoliopsida	220	Plantae
3042291	3	3	2	2	3	3	3	3	3	2	2	2	1.2387800050165592	Hesperis matronalis L.	Magnoliopsida	220	Plantae
3042636	0	1			0	1			0	1			0.7674812112118058	Brassica napus L.	Magnoliopsida	220	Plantae
3046812	3	3			3	3			3	2			1.192142543815055	Sisymbrium orientale L.	Magnoliopsida	220	Plantae
3046851	1	2			1	2			1	3			0.8410387119532651	Sisymbrium irio L.	Magnoliopsida	220	Plantae
3047621	3	3	2	2	3	3	3	3	3	2	2	2	1.2755418425797727	Sinapis alba L.	Magnoliopsida	220	Plantae
3048203	1	2	1	1	1	2	1	1	1	3	3	3	0.9008012778547257	Erysimum cheiri (L.) Crantz	Magnoliopsida	220	Plantae
3050595	1	1			1	1			1	1			0.9955907725745418	Hirschfeldia incana (L.) Lagr.-Foss.	Magnoliopsida	220	Plantae
3053406	1	1			1	1			1	1			0.9712182135437597	Rorippa austriaca (Crantz) Besser	Magnoliopsida	220	Plantae
3053522	3	1	0	2	3	1	0	1	3	1	0	2	1.043190262131871	Berteroa incana (L.) DC.	Magnoliopsida	220	Plantae
3054117	1	1			1	1			1	1				Aubrieta deltoidea (L.) DC.	Magnoliopsida	220	Plantae
3054357	1	3	1	2	1	3	1	2	1	3	1	3	0.8392788715889072	Juglans nigra L.	Magnoliopsida	220	Plantae
3054368	1	3	1	1	1	3	1	1	1	3	1	1	0.9233945872435034	Juglans regia L.	Magnoliopsida	220	Plantae
3066965	1	3	1	3	1	3	1	3	1	3	1	3	0.85629182725124	Euphorbia lathyris L.	Magnoliopsida	220	Plantae
3067119	3	3	1	1	3	3	1	1	3	3	3	3	1.2727156864288016	Euphorbia maculata L.	Magnoliopsida	220	Plantae
3067353	3	3			3	3			3	3				Euphorbia characias L.	Magnoliopsida	220	Plantae
3067891	1	1			3	3			3	3				Euphorbia prostrata Aiton	Magnoliopsida	220	Plantae
3082244	3	3	3	3	3	3	3	2	3	3	3	3	1.2976500857521982	Cornus sericea L.	Magnoliopsida	220	Plantae
3084015	3	3			2	2			3	3				Phytolacca americana L.	Magnoliopsida	220	Plantae
3084022	0	3	2	3	0	2	1	1	0	2	3	3	0.8273495573316888	Phytolacca acinosa Roxb.	Magnoliopsida	220	Plantae
3084719	3	1	1	3	3	1	1	2	3	1	1	3	1.1880554577618199	Portulaca oleracea L.	Magnoliopsida	220	Plantae
3085360	3	3	1	1	3	3	1	1	3	3	1	1	1.048040956051385	Saponaria officinalis L.	Magnoliopsida	220	Plantae
3085381	3	1	2	3	3	1	3	3	3	1	3	3	1.107923600795093	Polycarpon tetraphyllum (L.) L.	Magnoliopsida	220	Plantae
3085438	0	0	2	2	0	0	2	2	0	0	2	2	0.3798902082937217	Cerastium tomentosum L.	Magnoliopsida	220	Plantae
3085623	1	1			1	1			3	1				Petrorhagia saxifraga (L.) Link	Magnoliopsida	220	Plantae
3086240	1	1			1	1			3	3				Mirabilis jalapa L.	Magnoliopsida	220	Plantae
3098912	2	1	2	2	1	1	1	1	1	1	1	1		Cosmos bipinnatus Cav.	Magnoliopsida	220	Plantae
3101193	1	1			1	1			3	3				Dittrichia graveolens (L.) Greuter	Magnoliopsida	220	Plantae
3103791	3	3	1	3	3	3	1	3	3	3	1	3	1.2636697085692863	Matricaria discoidea DC.	Magnoliopsida	220	Plantae
3109086	3	3	3	1	3	3	3	1	3	3	3	1	1.4545155356989685	Senecio inaequidens DC.	Magnoliopsida	220	Plantae
3112364	2	2			1	1			3	3				Cynara cardunculus L.	Magnoliopsida	220	Plantae
3114225	1	1			1	1			3	3				Rudbeckia hirta L.	Magnoliopsida	220	Plantae
3114643	2	2			2	2			3	2				Carduus acanthoides L.	Magnoliopsida	220	Plantae
3117449	3	3	3	3	3	3	3	3	3	3	3	3	1.1468817053413116	Erigeron annuus (L.) Pers.	Magnoliopsida	220	Plantae
3118430	3	3	1	1	3	3	1	1	3	3	1	1	1.0995057924478517	Tanacetum parthenium (L.) Sch.Bip.	Magnoliopsida	220	Plantae
3119175	1	1			1	1			1	1			0.7953952148255835	Helianthus tuberosus L.	Magnoliopsida	220	Plantae
3120284	1	3	2	3	1	1	2	1	1	1	3	1	0.6651972321447223	Achillea filipendulina Lam.	Magnoliopsida	220	Plantae
3120790	1	1			1	1			1	1			0.8190597922541034	Artemisia verlotiorum Lamotte	Magnoliopsida	220	Plantae
3122924	3	3	3	3	3	3	3	3	3	3	3	3	1.3305567521623538	Pilosella aurantiaca (L.) F.W.Schultz & Sch.Bip.	Magnoliopsida	220	Plantae
3128225	1	1	1	1	1	1	1	1	1	1	2	2	0.9793824272504601	Centaurea nigra L.	Magnoliopsida	220	Plantae
3132570	3	3	3	2	3	3	3	1	3	3	3	3	1.3614120221166814	Galinsoga parviflora Cav.	Magnoliopsida	220	Plantae
3133950	1	1			1	1			3	3				Coreopsis tinctoria Nutt.	Magnoliopsida	220	Plantae
3138195	1	1			1	1			3	3				Eutrochium maculatum (L.) E.E.Lamont	Magnoliopsida	220	Plantae
3145214	2	2			3	3			2	2				Silybum marianum (L.) Gaertn.	Magnoliopsida	220	Plantae
3146683	3	3	3	3	3	3	3	3	3	3	3	3	1.2736642095507236	Erigeron sumatrensis Retz.	Magnoliopsida	220	Plantae
3146717	1	1			1	1			3	3				Erigeron bonariensis L.	Magnoliopsida	220	Plantae
3146791	3	3	3	3	3	3	3	3	3	3	3	3	1.1989149504614292	Erigeron canadensis L.	Magnoliopsida	220	Plantae
3147018	2	2			1	1			3	2				Erigeron floribundus (Kunth) Sch.Bip.	Magnoliopsida	220	Plantae
3147168	3	3	3	3	3	2	3	3	3	3	3	3	1.420924466092274	Erigeron karvinskianus DC.	Magnoliopsida	220	Plantae
3152583	0	3	3	3	0	1	1	1	0	1	1	1	0.37043989224093093	Hibiscus syriacus L.	Magnoliopsida	220	Plantae
3152824	1	1			1	1			2	2				Liquidambar styraciflua L.	Magnoliopsida	220	Plantae
3152861	3	3	1	1	1	1	1	1	3	3	3	3		Liriodendron tulipifera L.	Magnoliopsida	220	Plantae
3169137	3	3			2	3			2	2				Euonymus fortunei (Turcz.) Hand.-Mazz.	Magnoliopsida	220	Plantae
3169340	1	1	1	3	1	1	1	2	1	1	1	2	0.8806959534430288	Lysimachia punctata L.	Magnoliopsida	220	Plantae
3169708	0	3	1	3	0	3	1	2	0	3	1	2	0.7115972214871892	Vinca major L.	Magnoliopsida	220	Plantae
3170823	3	1	1	1	3	1	3	3	3	1	3	3	1.465010966138784	Paulownia tomentosa (Thunb.) Steud.	Magnoliopsida	220	Plantae
3171948	3	3			1	2			1	1				Verbascum phlomoides L.	Magnoliopsida	220	Plantae
3172001	1	3			1	3			1	3			0.9407259182914994	Antirrhinum majus L.	Magnoliopsida	220	Plantae
3172077	3	3	3	3	3	3	3	3	3	3	3	1	1.2061535222600757	Veronica persica Poir.	Magnoliopsida	220	Plantae
3172100	1	1	1	1	1	1	1	1	1	1	1	1	0.8966343230239915	Veronica filiformis Sm.	Magnoliopsida	220	Plantae
3172104	3	1			3	1			3	1			1.2462391927734768	Veronica peregrina L.	Magnoliopsida	220	Plantae
3172118	3	2	1	1	3	3	2	2	3	3	3	2		Veronica longifolia L.	Magnoliopsida	220	Plantae
3172291	3	1	3	1	3	1	3	1	3	1	3	1	1.0862390848040515	Ligustrum ovalifolium Hassk.	Magnoliopsida	220	Plantae
3172347	3	3	2	1	2	1	2	1	1	1	1	1		Fraxinus ornus L.	Magnoliopsida	220	Plantae
3172615	1	1			1	1			1	1			0.8888890586648004	Catalpa bignonioides Walter	Magnoliopsida	220	Plantae
3173338	3	3	3	1	3	3	3	3	3	3	3	3	1.1791651735657693	Buddleja davidii Franch.	Magnoliopsida	220	Plantae
3188894	3	3	0	2	3	3	0	2	3	3	0	2	1.2302052204461897	Oenothera glazioviana Micheli	Magnoliopsida	220	Plantae
3188924	1	1	1	2	1	1	1	2	1	1	1	2	0.9054039734473124	Oenothera biennis L.	Magnoliopsida	220	Plantae
3189073	1	1			1	1			3	3				Epilobium brachycarpum C.Presl	Magnoliopsida	220	Plantae
3189815	1	1	1	1	1	1	1	1	1	1	1	1	0.8477661096724068	Aesculus hippocastanum L.	Magnoliopsida	220	Plantae
3189837	1	1	1	1	1	1	1	1	1	1	2	3		Acer saccharinum L.	Magnoliopsida	220	Plantae
3189866	3	3	1	2	3	3	1	2	3	3	1	3	1.1019987884035352	Acer negundo L.	Magnoliopsida	220	Plantae
3190382	1	1			1	1			1	1				Ruta graveolens L.	Magnoliopsida	220	Plantae
3190411	1	1			1	1			1	1				Ptelea trifoliata L.	Magnoliopsida	220	Plantae
3190538	3	3	1	1	3	3	1	1	3	3	3	3	1.1128281274038483	Rhus typhina L.	Magnoliopsida	220	Plantae
3190653	3	1	3	1	3	1	3	1	3	1	3	1	1.1371282614788323	Ailanthus altissima (Mill.) Swingle	Magnoliopsida	220	Plantae
3602683	1	1	1	1	3	3	3	3	3	3	3	3		Papaver cambricum L.	Magnoliopsida	220	Plantae
3664589	1	1			3	3			3	3				Oenothera lindheimeri (Engelm. & A.Gray) W.L.Wagner & Hoch	Magnoliopsida	220	Plantae
3666776	3	2			1	1			2	2				Oenothera ×ersteinensis H.P.Linder & R.Jean	Magnoliopsida	220	Plantae
3686235	3	3	1	1	1	1	1	1	3	3	1	1		Staphylea pinnata L.	Magnoliopsida	220	Plantae
3690997	2	2			3	3			2	2				Cardamine occulta Hornem.	Magnoliopsida	220	Plantae
3756650	3	3			2	2			2	2				Chenopodium ×reynieri Ludw. & Aellen	Magnoliopsida	220	Plantae
3797084	1	1			2	2			2	2				Alkekengi officinarum Moench	Magnoliopsida	220	Plantae
3886505	1	1			1	1			1	1				Phlomis russeliana (Sims) Lag. ex Benth.	Magnoliopsida	220	Plantae
4013762	1	1			1	1			1	1				Narcissus ×cyclazetta Chater & Stace	Liliopsida	196	Plantae
4038485	1	1			2	2			2	2				Reynoutria ×bohemica Chrtek & Chrtková	Magnoliopsida	220	Plantae
4067281	3	3			2	2			1	1				Symphytum ×hidcotense P.D.Sell	Magnoliopsida	220	Plantae
4067302	1	1	1	1	3	3	3	3	3	3	3	3		Symphytum grandiflorum DC.	Magnoliopsida	220	Plantae
4129708	3	3			3	3			3	3			1.4238151862785615	Lolium multiflorum Lam.	Liliopsida	196	Plantae
4201607	3	3			3	3			3	3			1.277675453851943	Phedimus spurius (M.Bieb.) 't Hart	Magnoliopsida	220	Plantae
4206362	1	1			1	1			1	1				Onopordum beckianum A.John	Magnoliopsida	220	Plantae
4259350	1	1			3	3			2	2				Tilia tomentosa Moench	Magnoliopsida	220	Plantae
4286942	3	3			1	1			2	3				Carassius auratus (Linnaeus, 1758)			Animalia
4286975	3	1			3	1			3	1			1.025082851976763	Cyprinus carpio Linnaeus, 1758			Animalia
4427319	1	1			3	3			2	3				Anthrenus angustefasciatus Ganglbauer, 1904	Insecta	216	Animalia
4460066	3	3	0	1	1	1	0	1	1	1	0	1	0.9648734359805766	Chrysolina americana (Linnaeus, 1758)	Insecta	216	Animalia
4483961	1	1			1	1			3	3				Viridicerus ustulatus (Mulsant & Rey, 1855)	Insecta	216	Animalia
4483971	3	2			1	1			3	3				Populicerus albicans (Kirschbaum, 1868)	Insecta	216	Animalia
4485843	3	3			3	3			3	3				Halyomorpha halys (Stål, 1855)	Insecta	216	Animalia
4486243	3	3	1	1	1	3	1	1	3	3	3	3		Oxycarenus lavaterae (Fabricius, 1787)	Insecta	216	Animalia
4488821	1	1			1	1			1	2			0.8156148877747911	Deraeocoris flavilinea (A.Costa, 1862)	Insecta	216	Animalia
4532122	0	2	2	2	0	3	2	3	0	2	1	2	0.41385972685164824	Cydalima perspectalis (Walker, 1859)	Insecta	216	Animalia
4562529	1	1			3	3			3	3				Morlina glabra (Rossmässler, 1835)	Gastropoda	225	Animalia
4565039	1	3	3	3	1	3	3	3	1	3	3	3	0.6626030310012319	Hygromia cinctella (Draparnaud, 1801)	Gastropoda	225	Animalia
4567717	1	1			2	2			2	2				Boettgerilla pallens Simroth, 1912	Gastropoda	225	Animalia
4598225	1	1			2	3			2	2				Tandonia budapestensis (Hazay, 1880)	Gastropoda	225	Animalia
4989904	3	1	1	3	3	1	1	3	1	1	1	3	1.0444255689430668	Harmonia axyridis (Pallas, 1773)	Insecta	216	Animalia
5123474	2	2			2	2			2	2				Anthophila nemorana (Hübner, 1799)	Insecta	216	Animalia
5156102	1	3	1	3	1	3	1	3	1	3	1	3	0.7078973112076741	Leptoglossus occidentalis Heidemann, 1910	Insecta	216	Animalia
5189806	3	3	3	3	3	3	3	3	2	2	2	2		Physella acuta (Draparnaud, 1805)	Gastropoda	225	Animalia
5192470	1	1			3	3			3	3				Potamopyrgus antipodarum (J.E.Gray, 1843)	Gastropoda	225	Animalia
5229055	1	1	2	1	1	3	2	1	1	3	3	1	0.9391748318006127	Psittacula eupatria (Linnaeus, 1766)	Aves	212	Animalia
5232437	0	3	0	2	0	3	0	2	0	3	0	3	0.7728753073706371	Branta canadensis (Linnaeus, 1758)	Aves	212	Animalia
5281901	1	0	1	0	1	0	1	0	1	0	1	0	0.9235142823723429	Campylopus introflexus (Hedw.) Brid.	Bryopsida	327	Plantae
5284809	3	3			3	3			1	1				Pinus nigra J.F.Arnold	Pinopsida	194	Plantae
5284884	1	1	1	1	1	1	1	1	2	2	2	2		Picea abies (L.) H.Karst.	Pinopsida	194	Plantae
5284950	1	1	1	1	1	1	1	1	1	1	3	3		Picea omorika (Pancic) Purk.	Pinopsida	194	Plantae
5285637	0	0	3	1	0	0	3	1	0	0	3	1	0.8375412530430025	Pinus sylvestris L.	Pinopsida	194	Plantae
5289684	3	3	1	3	3	3	1	3	3	3	1	3	1.1041301843461606	Setaria viridis (L.) P.Beauv.	Liliopsida	196	Plantae
5289686	3	3			3	3			3	3			1.1033902789922547	Setaria verticillata (L.) P.Beauv.	Liliopsida	196	Plantae
5289693	3	3			3	3			3	3			1.0373759439571884	Setaria pumila (Poir.) Roem. & Schult.	Liliopsida	196	Plantae
5289744	1	1	1	1	1	1	1	1	1	1	1	1	0.8556315828568312	Phalaris canariensis L.	Liliopsida	196	Plantae
5289756	0	0	0	0	0	0	0	0	0	0	0	0	0.8434658582123706	Phalaris arundinacea L.	Liliopsida	196	Plantae
5289833	1	1			1	1			3	3				Nassella tenuissima (Trin.) Barkworth	Liliopsida	196	Plantae
5289906	3	3	1	1	3	3	1	1	3	3	3	3	1.149866605694135	Rostraria cristata (L.) Tzvelev	Liliopsida	196	Plantae
5289919	3	3			3	3			3	3			1.1819520493062567	Polypogon viridis (Gouan) Breistr.	Liliopsida	196	Plantae
5289972	3	3	3	3	3	3	3	3	3	3	3	3	1.027100148001473	Digitaria sanguinalis (L.) Scop.	Liliopsida	196	Plantae
5290052	2	2	1	1	2	2	1	1	3	3	3	3		Zea mays L.	Liliopsida	196	Plantae
5290177	1	1			1	1			1	1			0.9941870669149319	Lagurus ovatus L.	Liliopsida	196	Plantae
5298126	1	1			1	1			2	2				Iris sibirica L.	Liliopsida	196	Plantae
5299536	3	3			1	1			2	3				Tulipa sylvestris L.	Liliopsida	196	Plantae
5304294	3	3	3	3	3	3	3	3	3	3	3	3	1.1462891134489823	Hyacinthoides ×massartiana Geerinck	Liliopsida	196	Plantae
5329212	1	1			1	1			1	1			0.9634157152952614	Elodea nuttallii (Planch.) H.St.John	Liliopsida	196	Plantae
5330661	3	3	3	3	3	3	3	3	3	3	3	3	1.1964195727672595	Arum italicum Mill.	Liliopsida	196	Plantae
5333294	3	3	3	3	3	3	3	3	3	3	3	3	1.278880013146794	Castanea sativa Mill.	Magnoliopsida	220	Plantae
5334242	3	3			3	3			2	3				Lonicera tatarica L.	Magnoliopsida	220	Plantae
5334351	3	2	1	1	3	2	1	1	3	2	3	3	1.0278295881079142	Fallopia baldschuanica (Regel) Holub	Magnoliopsida	220	Plantae
5341201	2	2	1	1	3	3	3	1	3	3	3	3		Anchusa officinalis L.	Magnoliopsida	220	Plantae
5341373	3	3			1	1			2	3				Scutellaria altissima L.	Magnoliopsida	220	Plantae
5341497	1	1	1	1	3	3	1	1	3	3	3	3		Nepeta racemosa Lam.	Magnoliopsida	220	Plantae
5341501	3	3	3	1	3	3	3	1	3	3	3	1	1.185612133348197	Melissa officinalis L.	Magnoliopsida	220	Plantae
5341754	1	3	3	3	1	2	2	3	1	2	1	1	0.9386309212636161	Nicandra physalodes (L.) Gaertn.	Magnoliopsida	220	Plantae
5341784	2	2			1	1			2	2				Physalis peruviana L.	Magnoliopsida	220	Plantae
5347846	2	2			2	2			3	3				Lathyrus oleraceus Lam.	Magnoliopsida	220	Plantae
5350005	3	3			3	3			3	3			1.171184566800947	Coronilla varia L.	Magnoliopsida	220	Plantae
5352251	3	3	3	3	3	3	3	1	3	3	3	1	1.1317782269577015	Robinia pseudoacacia L.	Magnoliopsida	220	Plantae
5353590	3	3			1	1			3	3				Cercis siliquastrum L.	Magnoliopsida	220	Plantae
5356517	3	1	3	3	3	1	3	3	3	1	3	3	1.018066174350647	Lathyrus latifolius L.	Magnoliopsida	220	Plantae
5359378	0	2			0	2			0	1			0.35337085979399635	Trifolium incarnatum L.	Magnoliopsida	220	Plantae
5361785	3	2			2	2			2	1				Myriophyllum aquaticum (Vell.) Verdc.	Magnoliopsida	220	Plantae
5361880	1	1	1	1	1	2	1	1	1	2	3	3	0.5547050053345638	Cannabis sativa L.	Magnoliopsida	220	Plantae
5361909	3	3			3	3			3	3			1.1517446312663735	Ficus carica L.	Magnoliopsida	220	Plantae
5361982	1	1			1	1			3	3				Sedum hispanicum L.	Magnoliopsida	220	Plantae
5362573	0	1			1	1			1	1			0.7361829764263187	Pyrus communis L.	Magnoliopsida	220	Plantae
5365717	3	3	3	3	3	3	3	3	3	3	3	3	1.2147766285477861	Potentilla indica (Andrews) Th.Wolf	Magnoliopsida	220	Plantae
5367294	1	2			1	2			1	3			0.9514904118376949	Potentilla recta L.	Magnoliopsida	220	Plantae
5369784	3	3	1	1	2	2	1	1	3	3	1	1		Geum macrophyllum Willd.	Magnoliopsida	220	Plantae
5370380	1	1			1	1			2	3				Dasiphora fruticosa (L.) Rydb.	Magnoliopsida	220	Plantae
5371702	2	1	2	2	2	2	1	1	2	2	3	3		Nigella damascena L.	Magnoliopsida	220	Plantae
5371772	0	3			0	2			0	2			0.5201485853100496	Levisticum officinale W.D.J.Koch	Magnoliopsida	220	Plantae
5371808	3	2			3	2			3	3			1.0255078921626164	Angelica archangelica L.	Magnoliopsida	220	Plantae
5372639	2	2			3	3			3	3				Salix babylonica L.	Magnoliopsida	220	Plantae
5373324	3	3	1	3	3	3	1	3	3	3	1	3	1.1639567561092017	Lunaria annua L.	Magnoliopsida	220	Plantae
5373358	3	3	1	3	3	3	1	2	3	3	1	2	1.070069405752555	Lobularia maritima (L.) Desv.	Magnoliopsida	220	Plantae
5373368	1	1			1	1			1	1			0.8648462703710681	Rapistrum rugosum (L.) All.	Magnoliopsida	220	Plantae
5374118	2	2	3	3	1	1	1	1	2	2	1	1		Isatis tinctoria L.	Magnoliopsida	220	Plantae
5374672	1	1	1	1	2	2	2	2	3	2	3	2		Barbarea verna (Mill.) Asch.	Magnoliopsida	220	Plantae
5375920	2	2			3	3			1	1				Eruca vesicaria (L.) Cav.	Magnoliopsida	220	Plantae
5376648	3	3	2	1	3	3	2	2	3	3	3	2	1.0779694885564235	Lepidium virginicum L.	Magnoliopsida	220	Plantae
5376961	1	1	1	1	1	1	1	1	1	1	1	1	0.8761228549293375	Lepidium draba L.	Magnoliopsida	220	Plantae
5377060	3	3	1	3	3	3	1	3	3	3	1	3	1.0377306312510954	Lepidium didymum L.	Magnoliopsida	220	Plantae
5377064	1	1			1	1			2	2				Lepidium densiflorum Schrad.	Magnoliopsida	220	Plantae
5384364	3	3			3	3			3	3			1.073215719401435	Amaranthus hybridus L.	Magnoliopsida	220	Plantae
5384396	1	1			1	1			3	3				Amaranthus deflexus L.	Magnoliopsida	220	Plantae
5384741	1	1	2	2	1	1	1	1	1	1	2	2	0.9838435450065776	Silene coronaria (L.) Clairv.	Magnoliopsida	220	Plantae
5384931	1	1			1	1			2	2				Houttuynia cordata Thunb.	Magnoliopsida	220	Plantae
5386938	1	1	1	1	1	1	1	1	2	2	2	2		Tragopogon porrifolius L.	Magnoliopsida	220	Plantae
5388595	2	2	1	1	1	1	1	1	2	2	3	3		Jacobaea maritima (L.) Pelser & Meijden	Magnoliopsida	220	Plantae
5389017	3	3	3	3	3	3	3	3	3	3	3	3	1.1322998719545827	Solidago gigantea Aiton	Magnoliopsida	220	Plantae
5389029	1	1	1	1	1	1	1	1	1	1	1	1	0.9081190893817773	Solidago canadensis L.	Magnoliopsida	220	Plantae
5389173	3	3	1	1	3	3	1	2	1	3	1	1	1.0111800320298103	Telekia speciosa (Schreb.) Baumg.	Magnoliopsida	220	Plantae
5391480	3	3	1	3	1	1	1	1	2	2	1	1		Calendula officinalis L.	Magnoliopsida	220	Plantae
5392174	3	3	2	2	3	3	1	1	3	3	3	3	1.0232303871595174	Bidens frondosa L.	Magnoliopsida	220	Plantae
5392243	3	3			1	1			1	1				Cichorium endivia L.	Magnoliopsida	220	Plantae
5401760	2	3			1	1			2	2				Ageratum houstonianum Mill.	Magnoliopsida	220	Plantae
5406789	3	1	3	3	3	1	0	3	3	1	0	2	1.3816060250139583	Alcea rosea L.	Magnoliopsida	220	Plantae
5408087	1	3			1	2			1	3			0.7679925964490283	Lobelia erinus L.	Magnoliopsida	220	Plantae
5410151	3	2	1	1	1	2	1	1	1	3	3	3	0.9389460884642734	Campanula poscharskyana Degen	Magnoliopsida	220	Plantae
5410411	3	3	3	2	3	3	3	2	3	3	3	3	1.2261201366435646	Campanula portenschlagiana Schult.	Magnoliopsida	220	Plantae
5415012	3	3	3	3	1	1	1	1	3	3	2	2		Linaria purpurea (L.) Mill.	Magnoliopsida	220	Plantae
5415016	1	2			1	1			2	2				Linaria maroccana Hook.fil.	Magnoliopsida	220	Plantae
5415039	0	1	0	1	0	1	0	1	0	1	0	1	0.5197047478886505	Syringa vulgaris L.	Magnoliopsida	220	Plantae
5415455	1	1	1	1	1	1	1	1	2	3	2	3		Acanthus mollis L.	Magnoliopsida	220	Plantae
5421180	3	2			3	1			3	3			1.1764735319341495	Koelreuteria paniculata Laxm.	Magnoliopsida	220	Plantae
5567694	1	1			1	1			3	3				Bergenia crassifolia (L.) Fritsch	Magnoliopsida	220	Plantae
5598915	1	2			1	2			1	1			0.6185632362752187	Lonicera pileata Oliv.	Magnoliopsida	220	Plantae
6027089	3	3			3	1			3	3				Smyrnium perfoliatum L.	Magnoliopsida	220	Plantae
6096602	2	2			2	2			1	2				Lophocolea semiteres (Lehm.) Mitt.	Jungermanniopsida	126	Plantae
6098843	3	3	3	3	3	3	3	3	3	3	2	2	1.5901448492005117	Ctenolepisma longicaudatum Escherich, 1905	Insecta	216	Animalia
6109534	1	1			1	1			1	1			0.7987564567546166	Amaranthus retroflexus L.	Magnoliopsida	220	Plantae
6109535	3	3			3	3			3	3			1.031044824586662	Trifolium hybridum L.	Magnoliopsida	220	Plantae
6157026	0	0			0	0			0	0			0.563771482858935	Trachemys scripta elegans (Wied, 1838)	Testudines	11418114	Animalia
6157035	0	0			0	0			0	0			0.45787169042981096	Trachemys scripta troostii (Holbrook, 1836)	Testudines	11418114	Animalia
6362904	3	3			2	2			2	2				Populus trichocarpa Torr. & A.Gray ex Hook.	Magnoliopsida	220	Plantae
6376340	3	3	1	1	1	1	1	1	2	2	1	1		Thalictrum aquilegiifolium L.	Magnoliopsida	220	Plantae
6411098	3	3	1	1	3	1	1	1	1	1	1	1	1.0100137755239118	Lamium galeobdolon subsp. argentatum (Smejkal) J.Duvign.	Magnoliopsida	220	Plantae
7068845	1	1			1	1			1	1				Beta vulgaris subsp. vulgaris	Magnoliopsida	220	Plantae
7111792	1	1			1	1			1	1			0.9373839524252563	Lotus corniculatus subsp. corniculatus	Magnoliopsida	220	Plantae
7127354	3	3			1	1			2	2				Cyclamen coum Mill.	Magnoliopsida	220	Plantae
7127810	1	3	1	3	1	2	1	2	1	2	1	2	0.7257597344968889	Cyclamen hederifolium Aiton	Magnoliopsida	220	Plantae
7225471	1	0			1	0			1	0			0.722680495230889	Vicia villosa subsp. villosa	Magnoliopsida	220	Plantae
7291264	2	2	1	1	1	1	1	1	3	3	3	3		Bistorta amplexicaulis (D.Don) Greene	Magnoliopsida	220	Plantae
7327990	1	1	1	2	1	1	1	2	1	1	1	2	0.5300386715375831	Rhododendron ponticum L.	Magnoliopsida	220	Plantae
7346102	1	3	1	3	1	3	1	3	1	3	1	3	0.7056698692746602	Erythranthe guttata (DC.) G.L.Nesom	Magnoliopsida	220	Plantae
7400250	1	1			1	1			1	1			0.8612406713243456	Platanus ×hispanica Mill. ex Münchh.	Magnoliopsida	220	Plantae
7403263	2	2			1	1			3	3				Lactuca sativa L.	Magnoliopsida	220	Plantae
7437751	3	1			3	3			2	3				Urtica membranacea Poir. ex Savigny	Magnoliopsida	220	Plantae
7443846	1	1	1	1	2	1	1	1	1	1	1	1		Dipsacus strigosus Willd.	Magnoliopsida	220	Plantae
7466434	3	3			3	3			3	1			1.1343960611088189	Pastinaca sativa subsp. urens (Req. ex Godr.) Celak.	Magnoliopsida	220	Plantae
7540164	1	1	2	3	1	1	1	1	0	1	2	2	0.36366154650031945	Arion vulgaris Moquin-Tandon, 1855	Gastropoda	225	Animalia
7560711	3	1			1	1			1	1				Oxalis tetraphylla Cav.	Magnoliopsida	220	Plantae
7627205	3	2			1	1			1	1				Glebionis coronaria (L.) Tzvelev	Magnoliopsida	220	Plantae
7678610	3	3			3	3			2	2				Raphanus sativus L.	Magnoliopsida	220	Plantae
7695021	1	1			1	1			1	1				Epimedium alpinum L.	Magnoliopsida	220	Plantae
7753992	1	1			3	3			1	2				Helix lucorum Linnaeus, 1758	Gastropoda	225	Animalia
7763534	1	1			1	1			3	1				Lauritrioza alacris (Flor, 1861)	Insecta	216	Animalia
7795888	3	3	2	3	3	3	1	1	3	3	2	2	1.1956899539673567	Triticum aestivum L.	Liliopsida	196	Plantae
7802465	1	1			1	1			2	3				Nymphaea ×marliacea Lat.-Marl.	Magnoliopsida	220	Plantae
7828157	2	1			1	1			1	1				Petroselinum crispum (Mill.) Fuss	Magnoliopsida	220	Plantae
7844167	1	3	1	1	1	2	3	2	1	2	3	2	0.748461521321675	Colutea arborescens L.	Magnoliopsida	220	Plantae
7903057	1	1			1	1			1	2			0.9150794918115644	Brassica rapa L.	Magnoliopsida	220	Plantae
8002952	1	1	1	1	1	1	2	2	1	1	2	2	0.6647905374632921	Ambrosia artemisiifolia L.	Magnoliopsida	220	Plantae
8012439	3	3	3	3	3	3	3	3	3	3	3	3	1.4321350923340204	Symphoricarpos albus (L.) K.Koch	Magnoliopsida	220	Plantae
8014163	0	1	0	1	0	1	1	3	0	1	1	3	0.27750102537978083	Ambigolimax valentianus (A.Férussac, 1821)	Gastropoda	225	Animalia
8080743	1	3	1	1	1	3	1	1	1	2	1	1	0.9396248423313867	Scilla siberica Andrews	Liliopsida	196	Plantae
8133114	1	1			1	1			3	3				Aster amellus L.	Magnoliopsida	220	Plantae
8149923	1	1			1	1			3	3				Prunus persica (L.) Stokes	Magnoliopsida	220	Plantae
8168344	3	3			3	3			3	3				Hedera hibernica Poit.	Magnoliopsida	220	Plantae
8190077	1	3	1	1	1	3	1	1	1	3	2	2	0.8120176111313007	Populus ×canadensis Moench	Magnoliopsida	220	Plantae
8193111	1	3	1	2	1	3	1	2	1	3	1	2	0.9932840263312918	Melilotus officinalis (L.) Lam.	Magnoliopsida	220	Plantae
8200663	3	3	3	1	3	3	3	1	1	3	3	1	1.0149705305026169	Cymbalaria muralis G.Gaertn., B.Mey. & Scherb.	Magnoliopsida	220	Plantae
8288647	1	0	2	1	1	0	1	1	1	0	1	1	0.592674641965904	Pterocarya fraxinifolia (Poir.) Spach	Magnoliopsida	220	Plantae
8298495	3	3	3	1	3	3	3	1	3	3	3	1	1.1413890287715922	Galinsoga quadriradiata Ruiz & Pav.	Magnoliopsida	220	Plantae
8313153	3	3			1	1			2	2				Quercus palustris Münchh.	Magnoliopsida	220	Plantae
8335191	1	1			1	1			2	2				Oloptum miliaceum (L.) Röser & Hamasha	Liliopsida	196	Plantae
8373355	1	3	1	1	1	3	1	1	1	3	3	3	0.9358607681325374	Artemisia annua L.	Magnoliopsida	220	Plantae
8427624	3	3	3	1	3	3	3	1	3	3	3	1	1.0622282410904256	Oxalis corniculata L.	Magnoliopsida	220	Plantae
8542672	2	2			1	1			2	2				Cotula australis (Sieber ex Spreng.) Hook.fil.	Magnoliopsida	220	Plantae
8584304	1	1			1	1			2	2				Guizotia abyssinica (L.fil.) Cass.	Magnoliopsida	220	Plantae
8599762	0	3			0	2			0	1			0.22687519724744973	Aproceros leucopoda Takeuchi, 1939	Insecta	216	Animalia
8701771	3	1			3	1			3	3			1.5885663609035456	Obama nungara Carbayo, Alvarez-Presas, Jones & Riutort, 2016			Animalia
8741260	1	1			1	1			1	1			0.9518835562850277	Macrosaccus robiniella (Clemens, 1859)	Insecta	216	Animalia
8745918	1	1	1	1	1	1	2	2	1	1	2	3	0.5576824609159909	Deroceras invadens Reise, Hutchinson, Schunack & Schlitt, 2011	Gastropoda	225	Animalia
8848208	3	3			1	1			3	3				Koenigia polystachya (Wall. ex Meisn.) T.M.Schust. & Reveal	Magnoliopsida	220	Plantae
8898408	1	1			1	1			1	1				Pseudemys concinna (Le Conte, 1830)	Testudines	11418114	Animalia
8909809	1	1			1	1			1	1				Emys orbicularis (Linnaeus, 1758)	Testudines	11418114	Animalia
8911082	3	3			3	3			3	3			1.2102140217979664	Amaranthus blitum L.	Magnoliopsida	220	Plantae
8946295	3	3	3	3	2	2	2	2	2	2	2	2		Pontastacus leptodactylus (Eschscholtz, 1823)	Malacostraca	229	Animalia
8993502	1	1			1	1			1	1				Silene italica (L.) Pers.	Magnoliopsida	220	Plantae
8994150	1	3	1	1	1	3	1	1	3	3	1	1	1.007326930517342	Oenothera parviflora L.	Magnoliopsida	220	Plantae
9139578	3	1			1	1			1	1				Aulacaspis rosae (Bouché, 1833)	Insecta	216	Animalia
9148577	1	3			1	3			1	3			0.9853097781273074	Alnus incana (L.) Moench	Magnoliopsida	220	Plantae
9151957	3	3	3	3	3	3	3	3	3	3	3	3	1.133809808138231	Medicago sativa L.	Magnoliopsida	220	Plantae
9188840	3	1	1	1	3	1	1	1	3	1	1	1	1.2513476671276096	Epilobium ciliatum Raf.	Magnoliopsida	220	Plantae
9326020	1	1			1	1			3	2				Gallus gallus (Linnaeus, 1758)	Aves	212	Animalia
9673106	1	1			1	1			3	3				Eriocapitella ×hybrida (L.H.Bailey) Christenh. & Byng	Magnoliopsida	220	Plantae
9752149	0	1	0	0	0	1	0	0	0	1	0	0	0.6474125261532189	Phasianus colchicus Linnaeus, 1758	Aves	212	Animalia
9823072	3	1	1	1	3	1	1	1	3	1	1	1	1.1441019840612643	Oxalis stricta L.	Magnoliopsida	220	Plantae
9890104	3	3			1	1			3	3				Xeroplexa intersecta (Poiret, 1801)	Gastropoda	225	Animalia
10071055	1	1			1	1			1	1			0.6546309165438468	Scandosorbus ×intermedia (Ehrh.) Sennikov	Magnoliopsida	220	Plantae
10801424	3	3			1	1			3	3				Salvia yangii B.T.Drew	Magnoliopsida	220	Plantae
11007246	1	1			3	3			1	1				Clinopodium menthifolium (Host) Merino	Magnoliopsida	220	Plantae
