taxonKey	canonicalName	kingdom	class	year_2023_em_status_occupancy_natura2000_Flanders	year_2023_em_status_occs_natura2000_Flanders	year_2022_em_status_occupancy_natura2000_Flanders	year_2022_em_status_occs_natura2000_Flanders	year_2021_em_status_occupancy_natura2000_Flanders	year_2021_em_status_occs_natura2000_Flanders	mean_growth	kingdomKey	classKey
5281901	Campylopus introflexus	Plantae	Bryopsida	3	3	3	3	3	3	1.2328518805031499	6	327
6096602	Lophocolea semiteres	Plantae	Jungermanniopsida	3	3	3	3	3	3	1.2274147894983127	6	126
5232437	Branta canadensis	Animalia	Aves	3	3	3	3	3	3	1.2122871212187945	1	212
2498252	Alopochen aegyptiaca	Animalia	Aves	3	3	3	3	3	3	1.2008381208250396	1	212
2115769	Austrominius modestus	Animalia		3	3	3	3	3	3	1.1829956187878743	1	
2716226	Cyperus esculentus	Plantae	Liliopsida	3	3	3	3	3	3	1.1760051254022634	6	196
2677047	Orthodontium lineare	Plantae	Bryopsida	3	3	3	3	3	3	1.1352881425302999	6	327
2701986	Juncus canadensis	Plantae	Liliopsida	3	3	3	3	3	3	1.041975540249611	6	196
5284982	Pinus strobus	Plantae	Pinopsida	3	3	3	3	3	3	1.0063417065056344	6	194
1311477	Vespa velutina	Animalia	Insecta	3	3	3	3	3	3		1	216
1579447	Exaireta spinigera	Animalia	Insecta	3	3	3	3	3	3		1	216
1622658	Rhagoletis completa	Animalia	Insecta	3	3	3	3	3	3		1	216
2078852	Nezara viridula	Animalia	Insecta	3	3	3	3	3	3		1	216
2888859	Muehlenbeckia complexa	Plantae	Magnoliopsida	3	3	3	3	3	3		6	220
2928238	Phacelia campanularia	Plantae	Magnoliopsida	3	3	3	3	3	3		6	220
2985994	Hydrangea macrophylla	Plantae	Magnoliopsida	3	3	3	3	3	3		6	220
4485843	Halyomorpha halys	Animalia	Insecta	3	3	3	3	3	3		1	216
5218786	Procyon lotor	Animalia	Mammalia	3	3	3	3	3	3		1	359
5806954	Tarsostenus carus	Animalia	Insecta	3	3	3	3	3	3		1	216
6098843	Ctenolepisma longicaudatum	Animalia	Insecta	3	3	3	3	3	3		1	216
6164210	Canis lupus familiaris	Animalia	Mammalia	3	3	3	3	3	3		1	359
5372655	Salix eleagnos	Plantae	Magnoliopsida	3	3	3	3	2	3	1.1839570351903308	6	220
2493633	Taeniopygia guttata	Animalia	Aves	3	3	3	3	2	3	1.1562475673577648	1	212
4063383	Trachystemon orientale	Plantae	Magnoliopsida	3	3	3	3	2	3	1.0886569533532433	6	220
8537667	Chondrilla juncea	Plantae	Magnoliopsida	3	3	3	3	2	3	1.036986245987816	6	220
2479553	Agapornis personatus	Animalia	Aves	3	3	3	3	1	1		1	212
3002530	Rosa gallica	Plantae	Magnoliopsida	3	3	3	3	1	1		6	220
9185677	Podarcis siculus	Animalia	Squamata	3	3	3	3	1	1		1	11592253
2480446	Haliaeetus leucocephalus	Animalia	Aves	3	3	3	3	0	0		1	212
2490384	Cardinalis cardinalis	Animalia	Aves	3	3	3	3	0	0		1	212
1346919	Isodontia mexicana	Animalia	Insecta	3	3	3	2	3	2		1	216
7156971	Oxalis triangularis	Plantae	Magnoliopsida	3	3	3	2	1	1		6	220
5328593	Aponogeton distachyos	Plantae	Liliopsida	3	3	2	3	2	3	1.2255157540829602	6	196
5328909	Sagittaria latifolia	Plantae	Liliopsida	3	3	2	3	2	3	1.1203425504606128	6	196
1152186	Callidiellum rufipennis	Animalia	Insecta	3	3	2	2	3	3		1	216
2227300	Procambarus clarkii	Animalia	Malacostraca	3	3	2	2	3	3		1	229
2473341	Numida meleagris	Animalia	Aves	3	3	2	2	3	2		1	212
2869597	Sauromatum venosum	Plantae	Liliopsida	3	3	1	1	3	3		6	196
2956442	Colutea orientalis	Plantae	Magnoliopsida	3	3	1	1	3	3		6	220
3856436	Viburnum davidi	Plantae	Magnoliopsida	3	3	1	1	3	3		6	220
8408816	Colchicum byzantinum	Plantae	Liliopsida	3	3	1	1	3	3		6	196
4427319	Anthrenus angustefasciatus	Animalia	Insecta	3	3	1	1	2	2		1	216
1713034	Gryllus bimaculatus	Animalia	Insecta	3	3	1	1	1	1		1	216
1749449	Cameraria ohridella	Animalia	Insecta	3	3	1	1	1	1		1	216
2000204	Periplaneta australasiae	Animalia	Insecta	3	3	1	1	1	1		1	216
2053954	Prokelisia marginata	Animalia	Insecta	3	3	1	1	1	1		1	216
2115706	Balanus glandula	Animalia	Maxillopoda	3	3	1	1	1	1		1	203
2650829	Cyrtomium falcatum	Plantae	Polypodiopsida	3	3	1	1	1	1		6	7228684
3896282	Teucrium hircanicum	Plantae	Magnoliopsida	3	3	1	1	1	1		6	220
5041466	Sceliphron caementarium	Animalia	Insecta	3	3	1	1	1	1		1	216
5229136	Vanellus armatus	Animalia	Aves	3	3	1	1	1	1		1	212
5334253	Lonicera involucrata	Plantae	Magnoliopsida	3	3	1	1	1	1		6	220
7322122	Davidia involucrata	Plantae	Magnoliopsida	3	3	1	1	1	1		6	220
7763534	Lauritrioza alacris	Animalia	Insecta	3	3	1	1	1	1		1	216
7790614	Crataegus coccinea	Plantae	Magnoliopsida	3	3	1	1	1	1		6	220
8889878	Elaphe taeniura	Animalia	Squamata	3	3	1	1	1	1		1	11592253
5189032	Corbicula fluminalis	Animalia	Bivalvia	3	3	0	0	1	1		1	137
1309606	Andricus grossulariae	Animalia	Insecta	3	3	0	0	0	0		1	216
2188249	Varroa destructor	Animalia	Arachnida	3	3	0	0	0	0		1	367
2489080	Lamprotornis purpureus	Animalia	Aves	3	3	0	0	0	0		1	212
2726360	Carex grayi	Plantae	Liliopsida	3	3	0	0	0	0		6	196
2762737	Musa basjoo	Plantae	Liliopsida	3	3	0	0	0	0		6	196
2874199	Passiflora caerulea	Plantae	Magnoliopsida	3	3	0	0	0	0		6	220
2928538	Ipomoea hederacea	Plantae	Magnoliopsida	3	3	0	0	0	0		6	220
3034046	Persea americana	Plantae	Magnoliopsida	3	3	0	0	0	0		6	220
3152816	Platanus orientalis	Plantae	Magnoliopsida	3	3	0	0	0	0		6	220
5420957	Clarkia unguiculata	Plantae	Magnoliopsida	3	3	0	0	0	0		6	220
5229205	Eudocimus albus	Animalia	Aves	3	2	3	3	1	1		1	212
5959231	Ara ararauna	Animalia	Aves	3	2	3	2	3	3		1	212
8323485	Haemorhous mexicanus	Animalia	Aves	3	2	3	2	3	2		1	212
1651430	Aedes albopictus	Animalia	Insecta	3	2	3	2	1	1		1	216
8406661	Silene uniflora	Plantae	Magnoliopsida	3	2	3	2	1	1		6	220
4845776	Lonchura oryzivora	Animalia	Aves	3	2	3	2	0	0		1	212
5123474	Anthophila nemorana	Animalia	Insecta	3	2	2	2	3	3		1	216
5420978	Clarkia amoena	Plantae	Magnoliopsida	3	2	2	2	3	3		6	220
3069460	Euphorbia oblongata	Plantae	Magnoliopsida	3	2	2	2	3	2		6	220
2142456	Uloborus plumipes	Animalia	Arachnida	3	2	2	2	2	2		1	367
3111754	Zinnia elegans	Plantae	Magnoliopsida	3	2	2	2	2	2		6	220
1852787	Blastobasis lacticolella	Animalia	Insecta	3	2	1	2	3	1		1	216
2888797	Cephalaria gigantea	Plantae	Magnoliopsida	3	2	1	1	3	3		6	220
2856920	Allium hollandicum	Plantae	Liliopsida	3	2	1	1	3	2		6	196
1749580	Phyllocnistis citrella	Animalia	Insecta	3	2	1	1	1	1		1	216
3065244	Euphorbia amygdaloides robbiae	Plantae	Magnoliopsida	3	2	1	1	1	1		6	220
3189843	Acer tataricum	Plantae	Magnoliopsida	3	2	1	1	1	1		6	220
2495494	Geopelia cuneata	Animalia	Aves	3	2	0	0	1	1		1	212
2495414	Columba livia	Animalia	Aves	3	1	3	1	3	3	0.9968257715153999	1	212
3690997	Cardamine occulta	Plantae	Magnoliopsida	3	1	3	1	3	3	0.98970833594576	6	220
2498046	Chenonetta jubata	Animalia	Aves	3	1	2	1	2	1	0.996830502726313	1	212
5561475	Chaenostoma cordatum	Plantae	Magnoliopsida	3	1	2	1	2	1	0.8276004964071698	6	220
4989904	Harmonia axyridis	Animalia	Insecta	3	0	3	0	3	3	0.9315879338524573	1	216
2020655	Corythucha ciliata	Animalia	Insecta	3	0	3	0	3	0	0.7634429754496066	1	216
5361785	Myriophyllum aquaticum	Plantae	Magnoliopsida	3	0	3	0	2	0	0.8518735729124467	6	220
2747564	Crocus tommasinianus	Plantae	Liliopsida	2	3	3	3	3	3	1.3225712160288179	6	196
3602683	Papaver cambricum	Plantae	Magnoliopsida	2	3	3	3	3	3	1.2573784991498103	6	220
1421091	Lepisma saccharinum	Animalia	Insecta	2	3	3	3	3	3	1.2323394965603225	1	216
3033896	Berberis thunbergii	Plantae	Magnoliopsida	2	3	3	3	3	3	1.165822172183562	6	220
8190231	Corbicula fluminea	Animalia	Bivalvia	2	3	3	3	3	3	1.1220657941951515	1	137
2747567	Crocus vernus	Plantae	Liliopsida	2	3	3	3	3	3	1.1164514220796444	6	196
7346102	Erythranthe guttata	Plantae	Magnoliopsida	2	3	3	3	3	3	1.0802161561102592	6	220
3067353	Euphorbia characias	Plantae	Magnoliopsida	2	3	3	3	3	3	1.0750039973150973	6	220
2473477	Syrmaticus reevesii	Animalia	Aves	2	3	3	3	3	3	1.0632399311370822	1	212
2687210	Tsuga heterophylla	Plantae	Pinopsida	2	3	3	3	3	3	1.0609255180308026	6	194
2685361	Abies grandis	Plantae	Pinopsida	2	3	3	3	2	3	1.1340365926446534	6	194
8080743	Scilla siberica	Plantae	Liliopsida	2	3	3	3	2	3	1.0584326809137354	6	196
3133938	Coreopsis lanceolata	Plantae	Magnoliopsida	2	3	3	3	2	3	1.0271112779410498	6	220
3152861	Liriodendron tulipifera	Plantae	Magnoliopsida	2	3	3	3	2	3	1.017593650812894	6	220
3171952	Verbascum speciosum	Plantae	Magnoliopsida	2	3	2	3	3	3	1.2444850686749755	6	220
3172615	Catalpa bignonioides	Plantae	Magnoliopsida	2	3	2	3	3	3	1.2180382023584855	6	220
5410151	Campanula poscharskyana	Plantae	Magnoliopsida	2	3	2	3	3	3	1.1132138320495577	6	220
3120692	Artemisia crithmifolia	Plantae	Magnoliopsida	2	3	2	3	3	3	1.1054984215354544	6	220
2225772	Hemigrapsus sanguineus	Animalia	Malacostraca	2	3	2	3	3	3	1.0909053557160728	1	229
5358907	Trifolium alexandrinum	Plantae	Magnoliopsida	2	3	2	3	3	3	1.078109229604521	6	220
3088310	Petasites japonicus	Plantae	Magnoliopsida	2	3	2	3	3	3	1.0726873294241213	6	220
7915783	Oenothera fallax	Plantae	Magnoliopsida	2	3	2	3	3	3	1.0679181290145106	6	220
3000610	Chaenomeles japonica	Plantae	Magnoliopsida	2	3	2	3	3	3	1.0643411943553633	6	220
2891707	Oxalis debilis	Plantae	Magnoliopsida	2	3	2	3	3	3	1.0393416957567656	6	220
2986111	Ribes aureum	Plantae	Magnoliopsida	2	3	2	3	3	3	1.0087312618165145	6	220
2650827	Cyrtomium fortunei	Plantae	Polypodiopsida	2	3	2	3	2	3	1.375055124819695	6	7228684
5420991	Ludwigia peploides	Plantae	Magnoliopsida	2	3	2	3	2	3	1.271572151297615	6	220
2891755	Oxalis latifolia	Plantae	Magnoliopsida	2	3	2	3	2	3	1.0815374030140712	6	220
2772094	Muscari botryoides	Plantae	Liliopsida	2	3	2	3	2	3	1.0802088830154293	6	196
3026074	Cotoneaster salicifolius	Plantae	Magnoliopsida	2	3	2	3	2	3	1.0614873092854602	6	220
2498408	Lophodytes cucullatus	Animalia	Aves	2	3	2	3	2	3	1.039853127905999	1	212
3172266	Jasminum nudiflorum	Plantae	Magnoliopsida	2	3	2	2	1	1		6	220
5228034	Chrysolophus pictus	Animalia	Aves	2	3	1	3	2	3	1.0327867066177325	1	212
5396474	Heliopsis helianthoides	Plantae	Magnoliopsida	2	3	1	1	2	2		6	220
5373039	Salix sepulcralis chrysocoma	Plantae	Magnoliopsida	2	3	1	1	1	1		6	220
1421095	Ctenolepisma lineata	Animalia	Insecta	2	2	3	3	3	3		1	216
1622599	Rhagoletis cingulata	Animalia	Insecta	2	2	3	3	3	3		1	216
1997215	Blattella germanica	Animalia	Insecta	2	2	3	3	3	3		1	216
2149679	Holocnemus pluchei	Animalia	Arachnida	2	2	3	3	3	3		1	367
2153287	Zoropsis spinimana	Animalia	Arachnida	2	2	3	3	3	3		1	367
2767271	Scilla luciliae	Plantae	Liliopsida	2	2	3	3	3	3		6	196
2857017	Allium paradoxum	Plantae	Liliopsida	2	2	3	3	3	3		6	196
2956441	Colutea media	Plantae	Magnoliopsida	2	2	3	3	3	3		6	220
3085357	Saponaria ocymoides	Plantae	Magnoliopsida	2	2	3	3	3	3		6	220
3098951	Cosmos sulphureus	Plantae	Magnoliopsida	2	2	3	3	3	3		6	220
5179027	Scutigera coleoptrata	Animalia	Chilopoda	2	2	3	3	3	3		1	360
5188971	Rangia cuneata	Animalia	Bivalvia	2	2	3	3	3	3		1	137
7127354	Cyclamen coum	Plantae	Magnoliopsida	2	2	3	3	3	3		6	220
7560711	Oxalis tetraphylla	Plantae	Magnoliopsida	2	2	3	3	3	3		6	220
3067891	Euphorbia prostrata	Plantae	Magnoliopsida	2	2	3	3	3	2		6	220
5284237	Cryptomeria japonica	Plantae	Pinopsida	2	2	3	3	3	2		6	194
1031684	Lepinotus patruelis	Animalia	Insecta	2	2	3	3	2	2		1	216
2855439	Galanthus woronowii	Plantae	Liliopsida	2	2	3	3	2	2		6	196
3664589	Oenothera lindheimeri	Plantae	Magnoliopsida	2	2	3	3	2	2		6	220
4483971	Populicerus albicans	Animalia	Insecta	2	2	3	3	2	2		1	216
4486243	Oxycarenus lavaterae	Animalia	Insecta	2	2	3	3	2	2		1	216
10801424	Salvia yangii	Plantae	Magnoliopsida	2	2	3	3	2	2		6	220
1737131	Epiphyas postvittana	Animalia	Insecta	2	2	3	3	1	1		1	216
2479407	Myiopsitta monachus	Animalia	Aves	2	2	3	3	1	1		1	212
2875968	Corylus colurna	Plantae	Magnoliopsida	2	2	3	3	1	1		6	220
5229134	Vanellus miles	Animalia	Aves	2	2	3	3	1	1		1	212
3034782	Smyrnium olusatrum	Plantae	Magnoliopsida	2	2	3	2	3	3		6	220
4102952	Knautia macedonica	Plantae	Magnoliopsida	2	2	3	2	3	3		6	220
7681436	Cytisus multiflorus	Plantae	Magnoliopsida	2	2	3	2	3	3		6	220
3040184	Populus balsamifera	Plantae	Magnoliopsida	2	2	3	2	3	2	0.9873639924458473	6	220
2928026	Nemophila menziesii	Plantae	Magnoliopsida	2	2	3	2	3	2		6	220
5421180	Koelreuteria paniculata	Plantae	Magnoliopsida	2	2	3	2	3	2		6	220
2926992	Salvia hispanica	Plantae	Magnoliopsida	2	2	3	2	2	2		6	220
3190522	Cotinus coggygria	Plantae	Magnoliopsida	2	2	3	2	2	2		6	220
2480410	Parabuteo unicinctus	Animalia	Aves	2	2	3	2	1	2		1	212
2767229	Scilla sardensis	Plantae	Liliopsida	2	2	2	3	3	3		6	196
5218823	Mustela vison	Animalia	Mammalia	2	2	2	3	2	2		1	359
2227663	Rhithropanopeus harrisii	Animalia	Malacostraca	2	2	2	3	1	1		1	229
2227289	Procambarus acutus	Animalia	Malacostraca	2	2	2	2	3	3		1	229
2295442	Limacus flavus	Animalia	Gastropoda	2	2	2	2	3	3		1	225
2443002	Trachemys scripta	Animalia	Testudines	2	2	2	2	3	3		1	11418114
2856780	Allium cristophii	Plantae	Liliopsida	2	2	2	2	3	3		6	196
2859597	Ipheion uniflorum	Plantae	Liliopsida	2	2	2	2	3	3		6	196
3088488	Tagetes erecta	Plantae	Magnoliopsida	2	2	2	2	3	3		6	220
5341558	Gilia tricolor	Plantae	Magnoliopsida	2	2	2	2	3	3		6	220
5384931	Houttuynia cordata	Plantae	Magnoliopsida	2	2	2	2	3	3		6	220
5408682	Lobelia pedunculata	Plantae	Magnoliopsida	2	2	2	2	3	3		6	220
7540164	Arion vulgaris	Animalia	Gastropoda	2	2	2	2	3	3		1	225
8745918	Deroceras invadens	Animalia	Gastropoda	2	2	2	2	3	3		1	225
4568269	Paralaoma servilis	Animalia	Gastropoda	2	2	2	2	3	2		1	225
2437450	Tamias sibiricus	Animalia	Mammalia	2	2	2	2	2	3		1	359
2049661	Adelges abietis	Animalia	Insecta	2	2	2	2	2	2		1	216
2439270	Rattus rattus	Animalia	Mammalia	2	2	2	2	2	2		1	359
2440946	Muntiacus reevesi	Animalia	Mammalia	2	2	2	2	2	2		1	359
2684171	Thuja plicata	Plantae	Pinopsida	2	2	2	2	2	2		6	194
2684191	Taxodium distichum	Plantae	Pinopsida	2	2	2	2	2	2		6	194
2781103	Hemerocallis lilioasphodelus	Plantae	Liliopsida	2	2	2	2	2	2		6	196
2857697	Allium cepa	Plantae	Liliopsida	2	2	2	2	2	2		6	196
2888323	Clethra alnifolia	Plantae	Magnoliopsida	2	2	2	2	2	2		6	220
2888579	Leycesteria formosa	Plantae	Magnoliopsida	2	2	2	2	2	2		6	220
3026040	Cotoneaster suecicus	Plantae	Magnoliopsida	2	2	2	2	2	2		6	220
3112364	Cynara cardunculus	Plantae	Magnoliopsida	2	2	2	2	2	2		6	220
4567717	Boettgerilla pallens	Animalia	Gastropoda	2	2	2	2	2	2		1	225
5154481	Stictocephala bisonia	Animalia	Insecta	2	2	2	2	2	2		1	216
5228229	Balearica regulorum	Animalia	Aves	2	2	2	2	2	2		1	212
5284231	Metasequoia glyptostroboides	Plantae	Pinopsida	2	2	2	2	2	2		6	194
5373124	Malcolmia maritima (L.) W.T.Aiton	Plantae	Magnoliopsida	2	2	2	2	2	2		6	220
2985964	Deutzia gracilis	Plantae	Magnoliopsida	2	2	2	2	1	1		6	220
3172549	Campsis radicans	Plantae	Magnoliopsida	2	2	2	2	1	1		6	220
5930559	Ilex altaclerensis	Plantae	Magnoliopsida	2	2	2	2	1	1		6	220
2297108	Milax gagates	Animalia	Gastropoda	2	2	1	1	3	2		1	225
2891664	Oxalis articulata	Plantae	Magnoliopsida	2	2	1	1	3	2		6	220
6100996	Crithagra mozambica	Animalia	Aves	2	2	1	1	3	2		1	212
5228033	Chrysolophus amherstiae	Animalia	Aves	2	2	1	1	2	2		1	212
1751299	Bucculatrix ainsliella	Animalia	Insecta	2	2	1	1	1	1		1	216
2157245	Steatoda grossa	Animalia	Arachnida	2	2	1	1	1	1		1	367
2437282	Tamiasciurus hudsonicus	Animalia	Mammalia	2	2	1	1	1	1		1	359
2914404	Galium verum wirtgenii	Plantae	Magnoliopsida	2	2	1	1	1	1		6	220
5227775	Phasianus versicolor	Animalia	Aves	2	2	1	1	1	1		1	212
5359099	Trifolium suffocatum	Plantae	Magnoliopsida	2	2	1	1	1	1		6	220
10902460	Salvia rosmarinus	Plantae	Magnoliopsida	2	2	1	1	1	1		6	220
2498094	Anas capensis	Animalia	Aves	2	2	0	0	0	0		1	212
2498097	Anas castanea	Animalia	Aves	2	2	0	0	0	0		1	212
5359660	Glycine max	Plantae	Magnoliopsida	2	2	0	0	0	0		6	220
5372875	Salix myrsinifolia	Plantae	Magnoliopsida	2	2	0	0	0	0		6	220
5384390	Amaranthus cruentus	Plantae	Magnoliopsida	2	2	0	0	0	0		6	220
3033242	Anemone blanda	Plantae	Magnoliopsida	2	1	3	3	3	3	1.0009284410948163	6	220
2925816	Cynoglossum amabile	Plantae	Magnoliopsida	2	1	3	3	3	3		6	220
3039267	Elaeagnus umbellata	Plantae	Magnoliopsida	2	1	3	1	3	1	0.9745858519773233	6	220
3046015	Cardamine corymbosa	Plantae	Magnoliopsida	2	1	3	1	3	1	0.7839440285802355	6	220
4483961	Viridicerus ustulatus	Animalia	Insecta	2	1	3	1	2	3	0.9720398336669188	1	216
8149923	Prunus persica	Plantae	Magnoliopsida	2	1	3	1	2	1	0.9810068697744961	6	220
2772666	Hyacinthus orientalis	Plantae	Liliopsida	2	1	3	1	2	1	0.9306651581435842	6	196
2494303	Serinus canaria	Animalia	Aves	2	1	3	1	2	1	0.8994333300821111	1	212
2985965	Deutzia scabra	Plantae	Magnoliopsida	2	1	3	1	2	1	0.8186622192775608	6	220
3020871	Prunus lusitanica	Plantae	Magnoliopsida	2	1	3	1	2	1	0.8071994862969345	6	220
7400250	Platanus hispanica	Plantae	Magnoliopsida	2	1	3	1	1	1	0.9077130488166806	6	220
2038171	Opsius stactogalus	Animalia	Insecta	2	1	3	1	1	1	0.6872131175458637	1	216
2891783	Impatiens balfourii	Plantae	Magnoliopsida	2	1	2	3	3	3	1.0059782668025503	6	220
2427091	Lithobates catesbeianus	Animalia	Amphibia	2	1	2	3	3	3		1	131
2959443	Gleditsia triacanthos	Plantae	Magnoliopsida	2	1	2	3	3	3		6	220
7989836	Symphytum caucasicum	Plantae	Magnoliopsida	2	1	2	1	3	3	0.9616165577947866	6	220
2498390	Marmaronetta angustirostris	Animalia	Aves	2	1	2	1	3	1	0.9803735440124209	1	212
3040999	Raphanus raphanistrum landra	Plantae	Magnoliopsida	2	1	2	1	3	1	0.9559383451355533	6	220
2498384	Callonetta leucophrys	Animalia	Aves	2	1	2	1	3	1	0.9406173666047051	1	212
2928761	Nicotiana alata	Plantae	Magnoliopsida	2	1	2	1	3	1	0.8949739777804243	6	220
5415012	Linaria purpurea	Plantae	Magnoliopsida	2	1	2	1	3	1	0.8842817661341732	6	220
5341497	Nepeta racemosa	Plantae	Magnoliopsida	2	1	2	1	3	1	0.8647829095657983	6	220
2888585	Viburnum tinus	Plantae	Magnoliopsida	2	1	2	1	3	1	0.855675880031786	6	220
3054117	Aubrieta deltoidea	Plantae	Magnoliopsida	2	1	2	1	3	1	0.8306899501282298	6	220
5831060	Crepis foetida rhoeadifolia	Plantae	Magnoliopsida	2	1	2	1	3	1	0.8253808241701271	6	220
5298765	Iris foetidissima	Plantae	Liliopsida	2	1	2	1	3	1	0.7956668745580748	6	196
4264680	Myocastor coypus	Animalia	Mammalia	2	1	2	1	2	1	0.9604114873867998	1	359
2772174	Muscari armeniacum	Plantae	Liliopsida	2	1	2	1	2	1	0.9540760761596497	6	196
5587240	Silene vulgaris vulgaris	Plantae	Magnoliopsida	2	1	2	1	2	1	0.9470800494663081	6	220
5284827	Picea sitchensis	Plantae	Pinopsida	2	1	2	1	2	1	0.9255168796016943	6	194
2988188	Pyracantha coccinea	Plantae	Magnoliopsida	2	1	2	1	2	1	0.9234904602344605	6	220
3113637	Cirsium rivulare	Plantae	Magnoliopsida	2	1	2	1	2	1	0.914175433938909	6	220
2888437	Papaver orientale	Plantae	Magnoliopsida	2	1	2	1	2	1	0.8990053578679877	6	220
7645931	Salix acutifolia	Plantae	Magnoliopsida	2	1	2	1	2	1	0.887840984150018	6	220
3026334	Cotoneaster divaricatus	Plantae	Magnoliopsida	2	1	2	1	2	1	0.8303060978510199	6	220
7828157	Petroselinum crispum	Plantae	Magnoliopsida	2	1	2	1	2	1	0.8257498551833944	6	220
2479798	Melopsittacus undulatus	Animalia	Aves	2	1	2	1	2	1	0.8041080325028178	1	212
6035638	Chenopodium probstii	Plantae	Magnoliopsida	2	1	2	1	2	1	0.7864078241902064	6	220
3152824	Liquidambar styraciflua	Plantae	Magnoliopsida	2	1	2	1	2	1	0.6325522204019299	6	220
3886505	Phlomis russeliana	Plantae	Magnoliopsida	2	1	2	1	2	1	0.6069650140888088	6	220
2867631	Lemna turionifera	Plantae	Liliopsida	2	1	2	1	2	1	0.5955981925288663	6	196
5392145	Bidens radiata	Plantae	Magnoliopsida	2	1	2	1	1	1	0.9342477385241037	6	220
5384932	Saururus cernuus	Plantae	Magnoliopsida	2	1	2	1	1	1	0.809348059119238	6	220
7102937	Euonymus japonicus	Plantae	Magnoliopsida	2	1	2	1	1	1	0.7921277920879524	6	220
3026454	Spiraea salicifolia	Plantae	Magnoliopsida	2	1	1	1	2	1	0.9695356249534514	6	220
9153437	Salix daphnoides	Plantae	Magnoliopsida	2	1	1	1	2	1	0.8569641099582865	6	220
7855120	Odontites luteus	Plantae	Magnoliopsida	2	1	1	1	2	1	0.8389781011897866	6	220
7266343	Salix purpurea purpurea	Plantae	Magnoliopsida	2	1	1	1	2	1	0.702581900014271	6	220
2288926	Potamocorbula amurensis	Animalia	Bivalvia	2	1	1	1	1	3		1	137
2701578	Juncus foliosus	Plantae	Liliopsida	2	1	1	1	1	1	0.9896318116726205	6	196
2498329	Bucephala albeola	Animalia	Aves	2	1	1	1	1	1	0.7705724203582435	1	212
3170823	Paulownia tomentosa	Plantae	Magnoliopsida	2	0	3	0	3	2	0.9733490614795614	6	220
5334240	Lonicera japonica	Plantae	Magnoliopsida	2	0	3	0	3	0	0.667168811125445	6	220
7127810	Cyclamen hederifolium	Plantae	Magnoliopsida	2	0	3	0	2	2	0.9943547716505456	6	220
3120790	Artemisia verlotiorum	Plantae	Magnoliopsida	2	0	3	0	2	0	0.8642338936884955	6	220
6387003	Equisetum praealtum	Plantae	Polypodiopsida	2	0	2	0	3	0	0.6542183855974766	6	7228684
4565039	Hygromia cinctella	Animalia	Gastropoda	2	0	2	0	3	0	0.5919547532457078	1	225
5825913	Pinus nigra laricio	Plantae	Pinopsida	2	0	2	0	2	0	0.9344280038463721	6	194
3054357	Juglans nigra	Plantae	Magnoliopsida	2	0	2	0	2	0	0.7655418994786445	6	220
2984676	Pachysandra terminalis	Plantae	Magnoliopsida	2	0	2	0	2	0	0.7166237562999711	6	220
2704523	Cortaderia selloana	Plantae	Liliopsida	2	0	2	0	2	0	0.6933098582265268	6	196
3121258	Artemisia princeps	Plantae	Magnoliopsida	2	0	2	0	2	0	0.6211798552512483	6	220
8288647	Pterocarya fraxinifolia	Plantae	Magnoliopsida	2	0	2	0	2	0	0.5846120034472775	6	220
2706209	Pseudosasa japonica	Plantae	Liliopsida	2	0	2	0	2	0	0.4741927230918722	6	196
2718302	Bolboschoenus yagara	Plantae	Liliopsida	2	0	2	0	2	0	0.3064026132631144	6	196
6391417	Rumex thyrsiflorus	Plantae	Magnoliopsida	2	0	2	0	0	0	0.8961854090801267	6	220
3042845	Brassica oleracea	Plantae	Magnoliopsida	1	3	3	3	3	3	1.0847587665404508	6	220
1852831	Blastobasis adustella	Animalia	Insecta	1	3	3	3	3	1		1	216
7266329	Salix alba alba	Plantae	Magnoliopsida	1	3	2	3	3	3	1.0974611367054503	6	220
5156102	Leptoglossus occidentalis	Animalia	Insecta	1	3	1	3	1	3	1.9944463194169968	1	216
5421039	Ludwigia grandiflora	Plantae	Magnoliopsida	1	3	1	3	1	3	1.5006515717352695	6	220
5219858	Ondatra zibethicus	Animalia	Mammalia	1	3	1	3	1	3	1.4848362942944313	1	359
2498034	Anser cygnoides	Animalia	Aves	1	3	1	3	1	3	1.4649462163207165	1	212
2439261	Rattus norvegicus	Animalia	Mammalia	1	3	1	3	1	3	1.4156803338167507	1	359
2037925	Orientus ishidae	Animalia	Insecta	1	3	1	3	1	3	1.320341484999891	1	216
5341201	Anchusa officinalis	Plantae	Magnoliopsida	1	3	1	3	1	3	1.255246034952673	6	220
9451184	Pavo cristatus	Animalia	Aves	1	3	1	3	1	3	1.2496888946118985	1	212
3084015	Phytolacca americana	Plantae	Magnoliopsida	1	3	1	3	1	3	1.2465866098778084	6	220
2498035	Anser indicus	Animalia	Aves	1	3	1	3	1	3	1.2411104401350954	1	212
4067302	Symphytum grandiflorum	Plantae	Magnoliopsida	1	3	1	3	1	3	1.2352246163522134	6	220
7135755	Rhododendron luteum	Plantae	Magnoliopsida	1	3	1	3	1	3	1.1790340738556913	6	220
3021730	Prunus cerasifera	Plantae	Magnoliopsida	1	3	1	3	1	3	1.1771365926870068	6	220
3172291	Ligustrum ovalifolium	Plantae	Magnoliopsida	1	3	1	3	1	3	1.1547608580601234	6	220
3189815	Aesculus hippocastanum	Plantae	Magnoliopsida	1	3	1	3	1	3	1.1540829522783365	6	220
7291264	Bistorta amplexicaulis	Plantae	Magnoliopsida	1	3	1	3	1	3	1.1421191083381157	6	220
2498344	Cygnus atratus	Animalia	Aves	1	3	1	3	1	3	1.1398298170775945	1	212
5330661	Arum italicum	Plantae	Liliopsida	1	3	1	3	1	3	1.1301810677928066	6	196
3040233	Populus alba	Plantae	Magnoliopsida	1	3	1	3	1	3	1.1229735883996343	6	220
3021496	Prunus laurocerasus	Plantae	Magnoliopsida	1	3	1	3	1	3	1.1174032023923968	6	220
2889934	Tropaeolum majus	Plantae	Magnoliopsida	1	3	1	3	1	3	1.113943885786426	6	220
5410411	Campanula portenschlagiana	Plantae	Magnoliopsida	1	3	1	3	1	3	1.1000631647225034	6	220
3797084	Alkekengi officinarum	Plantae	Magnoliopsida	1	3	1	3	1	3	1.095717307341924	6	220
2498387	Aix sponsa	Animalia	Aves	1	3	1	3	1	3	1.0863670620817485	1	212
5367294	Potentilla recta	Plantae	Magnoliopsida	1	3	1	3	1	3	1.0685320212896787	6	220
5372639	Salix babylonica	Plantae	Magnoliopsida	1	3	1	3	1	3	1.0679939744380138	6	220
2996525	Rubus armeniacus	Plantae	Magnoliopsida	1	3	1	3	1	3	1.057304192567048	6	220
6109535	Trifolium hybridum	Plantae	Magnoliopsida	1	3	1	3	1	3	1.0552802288100682	6	220
2498388	Aix galericulata	Animalia	Aves	1	3	1	3	1	3	1.0494574773060366	1	212
5304294	Hyacinthoides massartiana	Plantae	Liliopsida	1	3	1	3	1	3	1.0451069852501187	6	196
2880539	Quercus rubra	Plantae	Magnoliopsida	1	3	1	3	1	3	1.0443575297548717	6	220
9188840	Epilobium ciliatum	Plantae	Magnoliopsida	1	3	1	3	1	3	1.0401691363031276	6	220
2479977	Nymphicus hollandicus	Animalia	Aves	1	3	1	3	1	3	1.0374561622157532	1	212
5362573	Pyrus communis	Plantae	Magnoliopsida	1	3	1	3	1	3	1.0251465780911881	6	220
2891774	Impatiens capensis	Plantae	Magnoliopsida	1	3	1	3	1	3	1.020245728261911	6	220
10755213	Narcissus hispanicus hispanicus	Plantae	Liliopsida	1	3	1	3	1	3	1.0115987015082415	6	196
2498402	Dendrocygna bicolor	Animalia	Aves	1	3	1	3	1	3	1.0098163138121605	1	212
5289686	Setaria verticillata	Plantae	Liliopsida	1	3	1	3	1	3	1.0079631936824995	6	196
3171304	Mazus pumilus	Plantae	Magnoliopsida	1	3	1	1	1	1		6	220
2927744	Phlox paniculata	Plantae	Magnoliopsida	1	2	3	2	3	2		6	220
2479226	Psittacula krameri	Animalia	Aves	1	2	1	2	1	2	1.1034843824418918	1	212
2705286	Avena sterilis	Plantae	Liliopsida	1	2	1	2	1	2	0.9973837502863824	6	196
8190077	Populus canadensis	Plantae	Magnoliopsida	1	2	1	2	1	2	0.9388366956108808	6	220
5232452	Branta hutchinsii	Animalia	Aves	1	2	1	2	1	2	0.8667996439163957	1	212
5568442	Dysphania anthelmintica	Plantae	Magnoliopsida	1	2	1	1	3	3		6	220
3131614	Helichrysum italicum	Plantae	Magnoliopsida	1	1	3	3	3	3	1.0382829191671865	6	220
1017419	Oxidus gracilis	Animalia	Diplopoda	1	1	3	3	3	3		1	361
2029273	Zygina nivea	Animalia	Insecta	1	1	3	3	3	3		1	216
2177741	Hasarius adansoni	Animalia	Arachnida	1	1	3	3	3	3		1	367
2684984	Araucaria araucana	Plantae	Pinopsida	1	1	3	3	3	3		6	194
2767428	Puschkinia scilloides	Plantae	Liliopsida	1	1	3	3	3	3		6	196
2888435	Papaver bracteatum	Plantae	Magnoliopsida	1	1	3	3	3	3		6	220
2984532	Zelkova serrata	Plantae	Magnoliopsida	1	1	3	3	3	3		6	220
3104106	Sanvitalia procumbens	Plantae	Magnoliopsida	1	1	3	3	3	3		6	220
3105768	Sonchus tenerrimus	Plantae	Magnoliopsida	1	1	3	3	3	3		6	220
3190411	Ptelea trifoliata	Plantae	Magnoliopsida	1	1	3	3	3	3		6	220
5361888	Morus nigra	Plantae	Magnoliopsida	1	1	3	3	3	3		6	220
5370006	Geum ternatum	Plantae	Magnoliopsida	1	1	3	3	3	3		6	220
5371655	Halesia carolina	Plantae	Magnoliopsida	1	1	3	3	3	3		6	220
7315072	Papaver atlanticum	Plantae	Magnoliopsida	1	1	3	3	3	3		6	220
7334368	Umbilicus rupestris	Plantae	Magnoliopsida	1	1	3	3	3	3		6	220
7740617	Skimmia japonica	Plantae	Magnoliopsida	1	1	3	3	3	3		6	220
9583342	Spatula puna	Animalia	Aves	1	1	3	3	3	3		1	212
11844792	Geum ternatum ternatum	Plantae	Magnoliopsida	1	1	3	3	3	3		6	220
3189882	Acer palmatum	Plantae	Magnoliopsida	1	1	3	3	2	2		6	220
4123912	Agrostis dimorpholemma	Plantae	Liliopsida	1	1	3	3	2	2		6	196
5285635	Pinus rigida	Plantae	Pinopsida	1	1	3	3	2	2		6	194
7162908	Convolvulus tricolor	Plantae	Magnoliopsida	1	1	3	3	2	2		6	220
7332415	Chaenorhinum origanifolium	Plantae	Magnoliopsida	1	1	3	3	2	2		6	220
7332416	Chaenorhinum origanifolium origanifolium	Plantae	Magnoliopsida	1	1	3	3	2	2		6	220
1722299	Gryllodes sigillatus	Animalia	Insecta	1	1	3	3	1	1		1	216
1885213	Crocidophora butleri	Animalia	Insecta	1	1	3	3	1	1		1	216
2008616	Empicoris rubromaculatus	Animalia	Insecta	1	1	3	3	1	1		1	216
2294275	Eobania vermiculata	Animalia	Gastropoda	1	1	3	3	1	1		1	225
2493660	Estrilda astrild	Animalia	Aves	1	1	3	3	1	1		1	212
2651122	Polystichum munitum	Plantae	Polypodiopsida	1	1	3	3	1	1		6	7228684
2858501	Narcissus triandrus	Plantae	Liliopsida	1	1	3	3	1	1		6	196
2874515	Cucurbita maxima	Plantae	Magnoliopsida	1	1	3	3	1	1		6	220
2888706	Kolkwitzia amabilis	Plantae	Magnoliopsida	1	1	3	3	1	1		6	220
2889037	Rumex rugosus	Plantae	Magnoliopsida	1	1	3	3	1	1		6	220
2926042	Nonea lutea	Plantae	Magnoliopsida	1	1	3	3	1	1		6	220
2943190	Caragana arborescens	Plantae	Magnoliopsida	1	1	3	3	1	1		6	220
2963569	Styphnolobium japonicum	Plantae	Magnoliopsida	1	1	3	3	1	1		6	220
3138195	Eutrochium maculatum	Plantae	Magnoliopsida	1	1	3	3	1	1		6	220
3169756	Nerium oleander	Plantae	Magnoliopsida	1	1	3	3	1	1		6	220
4484176	Cacopsylla fulguralis	Animalia	Insecta	1	1	3	3	1	1		1	216
4487799	Tupiocoris rhododendri	Animalia	Insecta	1	1	3	3	1	1		1	216
4985072	Tricellaria inopinata	Animalia	Gymnolaemata	1	1	3	3	1	1		1	252
4990175	Rhyzobius lophanthae	Animalia	Insecta	1	1	3	3	1	1		1	216
5341548	Gilia capitata	Plantae	Magnoliopsida	1	1	3	3	1	1		6	220
5387639	Aster ageratoides	Plantae	Magnoliopsida	1	1	3	3	1	1		6	220
5415455	Acanthus mollis	Plantae	Magnoliopsida	1	1	3	3	1	1		6	220
5584240	Silene schafta	Plantae	Magnoliopsida	1	1	3	3	1	1		6	220
7433196	Euonymus latifolius	Plantae	Magnoliopsida	1	1	3	3	1	1		6	220
7768495	Phedimus stolonifer	Plantae	Magnoliopsida	1	1	3	3	1	1		6	220
9078997	Saissetia oleae	Animalia	Insecta	1	1	3	3	1	1		1	216
9254355	Lithotoma axillaris	Plantae	Magnoliopsida	1	1	3	3	1	1		6	220
2480989	Caracara plancus	Animalia	Aves	1	1	3	3	0	0		1	212
2481092	Phalcoboenus megalopterus	Animalia	Aves	1	1	3	3	0	0		1	212
2492196	Melospiza melodia	Animalia	Aves	1	1	3	3	0	0		1	212
2888622	Viburnum plicatum	Plantae	Magnoliopsida	1	1	3	3	0	0		6	220
2889010	Rumex cristatus	Plantae	Magnoliopsida	1	1	3	3	0	0		6	220
3033535	Clematis tangutica	Plantae	Magnoliopsida	1	1	3	3	0	0		6	220
3033965	Akebia quinata	Plantae	Magnoliopsida	1	1	3	3	0	0		6	220
3044912	Alyssum montanum	Plantae	Magnoliopsida	1	1	3	3	0	0		6	220
3054352	Juglans cinerea	Plantae	Magnoliopsida	1	1	3	3	0	0		6	220
7881150	Polygonatum hybridum	Plantae	Liliopsida	1	1	3	3	0	0		6	196
9480191	Mareca falcata	Animalia	Aves	1	1	3	3	0	0		1	212
2294284	Otala lactea	Animalia	Gastropoda	1	1	3	2	3	3		1	225
2855398	Galanthus elwesii	Plantae	Liliopsida	1	1	3	2	3	3		6	196
2928668	Dichondra argentea	Plantae	Magnoliopsida	1	1	3	2	3	3		6	220
3039270	Elaeagnus pungens	Plantae	Magnoliopsida	1	1	3	2	3	3		6	220
7157952	Dryopteris erythrosora	Plantae	Polypodiopsida	1	1	3	2	3	3		6	7228684
2651826	Adiantum raddianum	Plantae	Polypodiopsida	1	1	3	2	3	2		6	7228684
4559541	Sinanodonta woodiana	Animalia	Bivalvia	1	1	3	2	3	2		1	137
2480786	Theristicus melanopis	Animalia	Aves	1	1	3	2	1	1		1	212
3085420	Dianthus caryophyllus	Plantae	Magnoliopsida	1	1	3	2	1	1		6	220
3147815	Verbesina alternifolia	Plantae	Magnoliopsida	1	1	3	2	1	1		6	220
2479964	Poicephalus senegalus	Animalia	Aves	1	1	3	2	0	0		1	212
2481066	Milvago chimachima	Animalia	Aves	1	1	3	1	3	3		1	212
3003709	Rosa glauca	Plantae	Magnoliopsida	1	1	3	1	3	1	0.9501212449983928	6	220
3136320	Hieracium amplexicaule	Plantae	Magnoliopsida	1	1	3	1	3	1	0.9184235366243264	6	220
5538946	Pimpinella peregrina	Plantae	Magnoliopsida	1	1	3	1	3	1	0.8582994146119842	6	220
2873877	Linum austriacum	Plantae	Magnoliopsida	1	1	3	1	3	1	0.7648110968999564	6	220
2876049	Corylus maxima	Plantae	Magnoliopsida	1	1	3	1	2	1	0.9824384891584476	6	220
2327735	Ficopomatus enigmaticus	Animalia	Polychaeta	1	1	2	3	2	2		1	256
3189828	Aesculus parviflora	Plantae	Magnoliopsida	1	1	2	3	2	2		6	220
5284950	Picea omorika	Plantae	Pinopsida	1	1	2	3	2	2		6	194
8946295	Pontastacus leptodactylus	Animalia	Malacostraca	1	1	2	3	2	2		1	229
3172348	Fraxinus pennsylvanica	Plantae	Magnoliopsida	1	1	2	3	1	3	1.0007851125487437	6	220
2091932	Pulvinaria hydrangeae	Animalia	Insecta	1	1	2	3	1	1		1	216
3034015	Laurus nobilis	Plantae	Magnoliopsida	1	1	2	3	1	1		6	220
5406741	Sida spinosa	Plantae	Magnoliopsida	1	1	2	3	1	1		6	220
2174528	Saitis barbipes	Animalia	Arachnida	1	1	2	2	3	3		1	367
2362030	Ctenopharyngodon idella	Animalia		1	1	2	2	3	3		1	
2498335	Cygnus melancoryphus	Animalia	Aves	1	1	2	2	3	3		1	212
2501248	Mnemiopsis leidyi	Animalia	Tentaculata	1	1	2	2	3	3		1	365
2701831	Juncus dudleyi	Plantae	Liliopsida	1	1	2	2	3	3		6	196
2739071	Trachycarpus fortunei	Plantae	Liliopsida	1	1	2	2	3	3		6	196
2767275	Scilla forbesii	Plantae	Liliopsida	1	1	2	2	3	3		6	196
3033261	Anemone coronaria	Plantae	Magnoliopsida	1	1	2	2	3	3		6	220
3133887	Coreopsis verticillata	Plantae	Magnoliopsida	1	1	2	2	3	3		6	220
3169331	Lysimachia clethroides	Plantae	Magnoliopsida	1	1	2	2	3	3		6	220
3924221	Helleborus argutifolius	Plantae	Magnoliopsida	1	1	2	2	3	3		6	220
4565061	Cernuella neglecta	Animalia	Gastropoda	1	1	2	2	3	3		1	225
5232432	Cereopsis novaehollandiae	Animalia	Aves	1	1	2	2	3	3		1	212
5377163	Iberis amara	Plantae	Magnoliopsida	1	1	2	2	3	3		6	220
5828216	Cenchrus flaccidus	Plantae	Liliopsida	1	1	2	2	3	3		6	196
7172831	Phedimus aizoon	Plantae	Magnoliopsida	1	1	2	2	3	3		6	220
2765156	Tradescantia fluminensis	Plantae	Liliopsida	1	1	2	2	3	2		6	196
5229204	Eudocimus ruber	Animalia	Aves	1	1	2	2	3	2		1	212
5598598	Lonicera acuminata	Plantae	Magnoliopsida	1	1	2	2	3	2		6	220
2440954	Cervus nippon	Animalia	Mammalia	1	1	2	2	2	3		1	359
2747718	Crocus speciosus	Plantae	Liliopsida	1	1	2	2	2	3		6	196
3666059	Oenothera glazioviana rubricalyx	Plantae	Magnoliopsida	1	1	2	2	2	3		6	220
7158449	Polystichum polyblepharon	Plantae	Polypodiopsida	1	1	2	2	2	3		6	7228684
2440196	Macropus rufogriseus	Animalia	Mammalia	1	1	2	2	2	2		1	359
2702058	Juncus anthelatus	Plantae	Liliopsida	1	1	2	2	2	2		6	196
2704194	Poa infirma	Plantae	Liliopsida	1	1	2	2	2	2		6	196
2927727	Phlox subulata	Plantae	Magnoliopsida	1	1	2	2	2	2		6	220
3022609	Prunus serrulata	Plantae	Magnoliopsida	1	1	2	2	2	2		6	220
3045803	Cardamine graeca	Plantae	Magnoliopsida	1	1	2	2	2	2		6	220
3064221	Euphorbia serpens	Plantae	Magnoliopsida	1	1	2	2	2	2		6	220
5189713	Menetus dilatatus	Animalia	Gastropoda	1	1	2	2	2	2		1	225
5300716	Fritillaria imperialis	Plantae	Liliopsida	1	1	2	2	2	2		6	196
5330085	Wolffia columbiana	Plantae	Liliopsida	1	1	2	2	2	2		6	196
5354707	Cytisus striatus	Plantae	Magnoliopsida	1	1	2	2	2	2		6	220
5545159	Ludwigia peploides montevidensis	Plantae	Magnoliopsida	1	1	2	2	2	2		6	220
7272185	Rosa carolina carolina	Plantae	Magnoliopsida	1	1	2	2	2	2		6	220
2220347	Limnomysis benedeni	Animalia	Malacostraca	1	1	2	2	1	1		1	229
2474936	Anthropoides virgo	Animalia	Aves	1	1	2	2	1	1		1	212
2498393	Dendrocygna autumnalis	Animalia	Aves	1	1	2	2	1	1		1	212
2772082	Muscari latifolium	Plantae	Liliopsida	1	1	2	2	1	1		6	196
2984306	Gunnera tinctoria	Plantae	Magnoliopsida	1	1	2	2	1	1		6	220
3112361	Cynara scolymus	Plantae	Magnoliopsida	1	1	2	2	1	1		6	220
5303040	Thalia dealbata	Plantae	Liliopsida	1	1	2	2	1	1		6	196
5671747	Cenchrus alopecuroides	Plantae	Liliopsida	1	1	2	2	1	1		6	196
5712981	Coccus hesperidum	Animalia	Insecta	1	1	2	2	1	1		1	216
2215949	Melita nitida	Animalia	Malacostraca	1	1	2	2	0	0		1	229
2985863	Hylotelephium spectabile	Plantae	Magnoliopsida	1	1	2	2	0	0		6	220
7319302	Dryopteris cycadina	Plantae	Polypodiopsida	1	1	2	2	0	0		6	7228684
7901010	Rumex obtusifolius sylvestris	Plantae	Magnoliopsida	1	1	2	2	0	0		6	220
8993502	Silene italica	Plantae	Magnoliopsida	1	1	2	2	0	0		6	220
3036892	Aralia elata	Plantae	Magnoliopsida	1	1	2	1	3	1	0.9339063012795686	6	220
2869311	Lysichiton americanus	Plantae	Liliopsida	1	1	2	1	3	1	0.9298990692185185	6	196
2706026	Miscanthus sinensis	Plantae	Liliopsida	1	1	2	1	3	1	0.8884577661134158	6	196
2474051	Alectoris rufa	Animalia	Aves	1	1	2	1	3	1	0.8855041271620487	1	212
2913169	Galium parisiense	Plantae	Magnoliopsida	1	1	2	1	3	1	0.6030572898341632	6	220
5289666	Setaria faberi	Plantae	Liliopsida	1	1	2	1	2	1	0.9648386505579076	6	196
4259350	Tilia tomentosa	Plantae	Magnoliopsida	1	1	2	1	2	1	0.9634416837582899	6	220
3172059	Veronica spicata	Plantae	Magnoliopsida	1	1	2	1	2	1	0.9617291907367767	6	220
2686157	Larix kaempferi	Plantae	Pinopsida	1	1	2	1	2	1	0.9215412759787025	6	194
3026107	Cotoneaster simonsii	Plantae	Magnoliopsida	1	1	2	1	2	1	0.8929186324353461	6	220
2880580	Quercus cerris	Plantae	Magnoliopsida	1	1	2	1	2	1	0.8533298838982948	6	220
4038485	Reynoutria bohemica	Plantae	Magnoliopsida	1	1	2	1	2	1	0.79168234967555	6	220
3666776	Oenothera ersteinensis	Plantae	Magnoliopsida	1	1	2	1	2	1	0.7650989500033842	6	220
5361762	Myriophyllum heterophyllum	Plantae	Magnoliopsida	1	1	2	1	2	1	0.7178239370466254	6	220
4382841	Hemigrapsus takanoi	Animalia	Malacostraca	1	1	2	1	2	1	0.671683272892505	1	229
2498161	Anser rossii	Animalia	Aves	1	1	2	1	1	1	0.8295783533938365	1	212
7738766	Miscanthus sacchariflorus	Plantae	Liliopsida	1	1	2	1	1	1	0.6778953340737625	6	196
2498181	Netta peposaca	Animalia	Aves	1	1	2	1	1	1		1	212
2436940	Oryctolagus cuniculus	Animalia	Mammalia	1	1	1	3	1	3	1.0085037085381068	1	359
2705090	Panicum miliaceum	Plantae	Liliopsida	1	1	1	3	1	3	1.0040891540305743	6	196
8313153	Quercus palustris	Plantae	Magnoliopsida	1	1	1	3	1	3	1.0019551997865623	6	220
2498163	Anser canagicus	Animalia	Aves	1	1	1	1	3	3	0.9944618774606698	1	212
2286388	Mulinia lateralis	Animalia	Bivalvia	1	1	1	1	3	3		1	137
2441905	Chelydra serpentina	Animalia	Testudines	1	1	1	1	3	3		1	11418114
2474029	Alectoris chukar	Animalia	Aves	1	1	1	1	3	3		1	212
2474416	Porphyrio porphyrio	Animalia	Aves	1	1	1	1	3	3		1	212
2479686	Trichoglossus haematodus	Animalia	Aves	1	1	1	1	3	3		1	212
2480075	Eclectus roratus	Animalia	Aves	1	1	1	1	3	3		1	212
2480089	Psephotus haematonotus	Animalia	Aves	1	1	1	1	3	3		1	212
2495134	Dromaius novaehollandiae	Animalia	Aves	1	1	1	1	3	3		1	212
2498007	Tadorna tadornoides	Animalia	Aves	1	1	1	1	3	3		1	212
2498065	Anas flavirostris	Animalia	Aves	1	1	1	1	3	3		1	212
2701879	Juncus striatus	Plantae	Liliopsida	1	1	1	1	3	3		6	196
2858909	Narcissus jonquilla	Plantae	Liliopsida	1	1	1	1	3	3		6	196
2889304	Persicaria capitata	Plantae	Magnoliopsida	1	1	1	1	3	3		6	220
2927303	Lavandula stoechas	Plantae	Magnoliopsida	1	1	1	1	3	3		6	220
2928034	Nemophila maculata	Plantae	Magnoliopsida	1	1	1	1	3	3		6	220
3022668	Prunus virginiana	Plantae	Magnoliopsida	1	1	1	1	3	3		6	220
3032653	Heuchera sanguinea	Plantae	Magnoliopsida	1	1	1	1	3	3		6	220
3039046	Fatsia japonica	Plantae	Magnoliopsida	1	1	1	1	3	3		6	220
3064669	Euphorbia myrsinites	Plantae	Magnoliopsida	1	1	1	1	3	3		6	220
3096529	Mauranthemum paludosum	Plantae	Magnoliopsida	1	1	1	1	3	3		6	220
3169120	Euonymus alatus	Plantae	Magnoliopsida	1	1	1	1	3	3		6	220
3646556	Pterostyrax hispidus	Plantae	Magnoliopsida	1	1	1	1	3	3		6	220
4046493	Polystichum luctuosum	Plantae	Polypodiopsida	1	1	1	1	3	3		6	7228684
4121791	Molinia arundinacea	Plantae	Liliopsida	1	1	1	1	3	3		6	196
5199161	Hypania invalida	Animalia	Polychaeta	1	1	1	1	3	3		1	256
5329263	Elodea densa	Plantae	Liliopsida	1	1	1	1	3	3		6	196
5334527	Limnanthes douglasii	Plantae	Magnoliopsida	1	1	1	1	3	3		6	220
5363627	Aronia melanocarpa	Plantae	Magnoliopsida	1	1	1	1	3	3		6	220
5373160	Malcolmia flexuosa	Plantae	Magnoliopsida	1	1	1	1	3	3		6	220
5377378	Matthiola incana (L.) W.T.Aiton	Plantae	Magnoliopsida	1	1	1	1	3	3		6	220
5403541	Crepis bursifolia	Plantae	Magnoliopsida	1	1	1	1	3	3		6	220
5415054	Forsythia intermedia	Plantae	Magnoliopsida	1	1	1	1	3	3		6	220
6157035	Trachemys scripta troostii	Animalia	Testudines	1	1	1	1	3	3		1	11418114
7225712	Calystegia silvatica silvatica	Plantae	Magnoliopsida	1	1	1	1	3	3		6	220
7227181	Carex muricata muricata	Plantae	Liliopsida	1	1	1	1	3	3		6	196
7325877	Fraxinus angustifolia	Plantae	Magnoliopsida	1	1	1	1	3	3		6	220
7564934	Odontites jaubertianus	Plantae	Magnoliopsida	1	1	1	1	3	3		6	220
8133114	Aster amellus	Plantae	Magnoliopsida	1	1	1	1	3	3		6	220
8358048	Potentilla recta obscura	Plantae	Magnoliopsida	1	1	1	1	3	3		6	220
9228211	Graptemys pseudogeographica	Animalia	Testudines	1	1	1	1	3	3		1	11418114
9771172	Valerianella locusta locusta	Plantae	Magnoliopsida	1	1	1	1	3	3		6	220
10786206	Rhaphiolepis bibas	Plantae	Magnoliopsida	1	1	1	1	3	3		6	220
2362473	Hypophthalmichthys molitrix	Animalia		1	1	1	1	3	2		1	
7190901	Graptemys pseudogeographica pseudogeographica	Animalia	Testudines	1	1	1	1	3	2		1	11418114
7263145	Acer rufinerve	Plantae	Magnoliopsida	1	1	1	1	3	2		6	220
9345027	Spatula cyanoptera	Animalia	Aves	1	1	1	1	3	1	0.8247707123520066	1	212
8342911	Papaver setiferum	Plantae	Magnoliopsida	1	1	1	1	3	1	0.68718723008042	6	220
3170247	Asclepias syriaca	Plantae	Magnoliopsida	1	1	1	1	2	3		6	220
3814157	Eudianthe coeli-rosa	Plantae	Magnoliopsida	1	1	1	1	2	3		6	220
2037991	Liguropia juniperi	Animalia	Insecta	1	1	1	1	2	2		1	216
2437619	Dolichotis patagonum	Animalia	Mammalia	1	1	1	1	2	2		1	359
2480766	Threskiornis spinicollis	Animalia	Aves	1	1	1	1	2	2		1	212
2493698	Amandava amandava	Animalia	Aves	1	1	1	1	2	2		1	212
2684178	Thuja occidentalis	Plantae	Pinopsida	1	1	1	1	2	2		6	194
2685484	Abies alba	Plantae	Pinopsida	1	1	1	1	2	2		6	194
2687182	Tsuga canadensis	Plantae	Pinopsida	1	1	1	1	2	2		6	194
2717467	Eleocharis obtusa	Plantae	Liliopsida	1	1	1	1	2	2		6	196
2722515	Carex morrowii	Plantae	Liliopsida	1	1	1	1	2	2		6	196
2726538	Carex muskingumensis	Plantae	Liliopsida	1	1	1	1	2	2		6	196
2868827	Zantedeschia aethiopica	Plantae	Liliopsida	1	1	1	1	2	2		6	196
2888867	Rheum rhabarbarum	Plantae	Magnoliopsida	1	1	1	1	2	2		6	220
3015457	Crataegus persimilis	Plantae	Magnoliopsida	1	1	1	1	2	2		6	220
3082279	Ceratostigma plumbaginoides	Plantae	Magnoliopsida	1	1	1	1	2	2		6	220
3197314	Sargassum muticum	Chromista	Phaeophyceae	1	1	1	1	2	2		4	7073593
3933415	Malva multiflora	Plantae	Magnoliopsida	1	1	1	1	2	2		6	220
4201695	Phedimus hybridus	Plantae	Magnoliopsida	1	1	1	1	2	2		6	220
5229128	Himantopus mexicanus	Animalia	Aves	1	1	1	1	2	2		1	212
5229203	Bostrychia hagedash	Animalia	Aves	1	1	1	1	2	2		1	212
5304187	Triteleia laxa	Plantae	Liliopsida	1	1	1	1	2	2		6	196
5356541	Lathyrus heterophyllus	Plantae	Magnoliopsida	1	1	1	1	2	2		6	220
5701337	Dahlia cultorum	Plantae	Magnoliopsida	1	1	1	1	2	2		6	220
7420038	Prunella grandiflora	Plantae	Magnoliopsida	1	1	1	1	2	2		6	220
7818643	Prunus armeniaca	Plantae	Magnoliopsida	1	1	1	1	2	2		6	220
8149049	Wisteria sinensis	Plantae	Magnoliopsida	1	1	1	1	2	2		6	220
9235549	Sibirionetta formosa	Animalia	Aves	1	1	1	1	2	2		1	212
9376410	Delosperma cooperi	Plantae	Magnoliopsida	1	1	1	1	2	2		6	220
9450106	Anas poecilorhyncha	Animalia	Aves	1	1	1	1	2	2		1	212
2498010	Tadorna cana	Animalia	Aves	1	1	1	1	2	1	0.8212104036301296	1	212
3036033	Hedera colchica	Plantae	Magnoliopsida	1	1	1	1	2	1	0.7142948607423626	6	220
3083680	Atriplex micrantha	Plantae	Magnoliopsida	1	1	1	1	2	0	0.4369846061716076	6	220
5289503	Typha laxmannii	Plantae	Liliopsida	1	1	1	1	1	2		6	196
5362004	Sedum sarmentosum	Plantae	Magnoliopsida	1	1	1	1	1	1	0.9935443343220027	6	220
3128225	Centaurea nigra	Plantae	Magnoliopsida	1	1	1	1	1	1	0.989680379968032	6	220
3189866	Acer negundo	Plantae	Magnoliopsida	1	1	1	1	1	1	0.9850585389457578	6	220
3012089	Sorbaria sorbifolia	Plantae	Magnoliopsida	1	1	1	1	1	1	0.9732452780593278	6	220
4129181	Festuca ambigua	Plantae	Liliopsida	1	1	1	1	1	1	0.9709277216919718	6	196
2867614	Lemna minuta	Plantae	Liliopsida	1	1	1	1	1	1	0.9629191405968114	6	196
2498090	Anas bahamensis	Animalia	Aves	1	1	1	1	1	1	0.9555319550289006	1	212
3033077	Aucuba japonica	Plantae	Magnoliopsida	1	1	1	1	1	1	0.9152469240298289	6	220
2479329	Platycercus eximius	Animalia	Aves	1	1	1	1	1	1	0.8721825701659944	1	212
7315286	Fumaria muralis	Plantae	Magnoliopsida	1	1	1	1	1	1	0.8657862942184197	6	220
7978544	Hydrocotyle ranunculoides	Plantae	Magnoliopsida	1	1	1	1	1	1	0.8655974136618145	6	220
2219863	Gammarus tigrinus	Animalia	Malacostraca	1	1	1	1	1	1	0.8304542638880439	1	229
5372614	Salix eriocephala	Plantae	Magnoliopsida	1	1	1	1	1	1	0.8252379290166408	6	220
1309600	Andricus kollari	Animalia	Insecta	1	1	1	1	1	1	0.7939202011416383	1	216
5582033	Salix udensis	Plantae	Magnoliopsida	1	1	1	1	1	1	0.7800626989519901	6	220
4497054	Andricus lignicolus	Animalia	Insecta	1	1	1	1	1	1	0.5761658523161386	1	216
2020686	Stephanitis takeyai	Animalia	Insecta	1	1	1	1	1	1	0.5342068871329348	1	216
2367919	Misgurnus anguillicaudatus	Animalia		1	1	1	1	1	1	9.137427485374975e-15	1	
1309652	Dryocosmus kuriphilus	Animalia	Insecta	1	1	1	1	1	1		1	216
1411953	Carausius morosus	Animalia	Insecta	1	1	1	1	1	1		1	216
1450317	Telmatogeton japonicus	Animalia	Insecta	1	1	1	1	1	1		1	216
1551754	Phytomyza jucunda	Animalia	Insecta	1	1	1	1	1	1		1	216
1577153	Hermetia illucens	Animalia	Insecta	1	1	1	1	1	1		1	216
1891245	Sufetula diminutalis	Animalia	Insecta	1	1	1	1	1	1		1	216
1941864	Paysandisia archon	Animalia	Insecta	1	1	1	1	1	1		1	216
1995681	Blaptica dubia	Animalia	Insecta	1	1	1	1	1	1		1	216
2077985	Impatientinum asiaticum	Animalia	Insecta	1	1	1	1	1	1		1	216
2204831	Synidotea laticauda	Animalia	Malacostraca	1	1	1	1	1	1		1	229
2211599	Ianiropsis serricaudis	Animalia	Malacostraca	1	1	1	1	1	1		1	229
2217982	Crangonyx pseudogracilis	Animalia	Malacostraca	1	1	1	1	1	1		1	229
2234836	Daphnia ambigua	Animalia	Branchiopoda	1	1	1	1	1	1		1	281
2266561	Nemopsis bachei	Animalia	Hydrozoa	1	1	1	1	1	1		1	205
2287073	Dreissena bugensis	Animalia	Bivalvia	1	1	1	1	1	1		1	137
2475648	Dacelo novaeguineae	Animalia	Aves	1	1	1	1	1	1		1	212
2479311	Platycercus elegans	Animalia	Aves	1	1	1	1	1	1		1	212
2479925	Alisterus scapularis	Animalia	Aves	1	1	1	1	1	1		1	212
2480542	Buteo jamaicensis	Animalia	Aves	1	1	1	1	1	1		1	212
2480772	Plegadis ridgwayi	Animalia	Aves	1	1	1	1	1	1		1	212
2495840	Chalcophaps indica	Animalia	Aves	1	1	1	1	1	1		1	212
2498156	Anas undulata	Animalia	Aves	1	1	1	1	1	1		1	212
2498396	Dendrocygna viduata	Animalia	Aves	1	1	1	1	1	1		1	212
2650479	Phlebodium aureum	Plantae	Polypodiopsida	1	1	1	1	1	1		6	7228684
2651098	Polystichum acrostichoides	Plantae	Polypodiopsida	1	1	1	1	1	1		6	7228684
2685663	Abies homolepis	Plantae	Pinopsida	1	1	1	1	1	1		6	194
2700768	Luzula nivea	Plantae	Liliopsida	1	1	1	1	1	1		6	196
2701612	Juncus ensifolius	Plantae	Liliopsida	1	1	1	1	1	1		6	196
2718377	Bolboschoenus planiculmis	Plantae	Liliopsida	1	1	1	1	1	1		6	196
2720171	Scirpus cyperinus	Plantae	Liliopsida	1	1	1	1	1	1		6	196
2722380	Carex crawfordii	Plantae	Liliopsida	1	1	1	1	1	1		6	196
2726539	Carex scoparia	Plantae	Liliopsida	1	1	1	1	1	1		6	196
2747939	Crocosmia crocosmiiflora	Plantae	Liliopsida	1	1	1	1	1	1		6	196
2752849	Erythronium dens-canis	Plantae	Liliopsida	1	1	1	1	1	1		6	196
2769493	Maianthemum stellatum	Plantae	Liliopsida	1	1	1	1	1	1		6	196
2855705	Allium lusitanicum	Plantae	Liliopsida	1	1	1	1	1	1		6	196
2856681	Allium sativum	Plantae	Liliopsida	1	1	1	1	1	1		6	196
2857449	Allium ramosum	Plantae	Liliopsida	1	1	1	1	1	1		6	196
2879520	Quercus conferta	Plantae	Magnoliopsida	1	1	1	1	1	1		6	220
2882443	Cabomba caroliniana	Plantae	Magnoliopsida	1	1	1	1	1	1		6	220
2882841	Vaccinium macrocarpon	Plantae	Magnoliopsida	1	1	1	1	1	1		6	220
2888564	Lamprocapnos spectabilis	Plantae	Magnoliopsida	1	1	1	1	1	1		6	220
2888636	Symphoricarpos orbiculatus	Plantae	Magnoliopsida	1	1	1	1	1	1		6	220
2888806	Scabiosa ochroleuca	Plantae	Magnoliopsida	1	1	1	1	1	1		6	220
2888978	Rumex pulcher	Plantae	Magnoliopsida	1	1	1	1	1	1		6	220
2890739	Geranium versicolor	Plantae	Magnoliopsida	1	1	1	1	1	1		6	220
2890972	Geranium wallichianum	Plantae	Magnoliopsida	1	1	1	1	1	1		6	220
2925303	Lantana camara	Plantae	Magnoliopsida	1	1	1	1	1	1		6	220
2925351	Clerodendrum bungei	Plantae	Magnoliopsida	1	1	1	1	1	1		6	220
2925366	Clerodendrum trichotomum	Plantae	Magnoliopsida	1	1	1	1	1	1		6	220
2926572	Physostegia virginiana	Plantae	Magnoliopsida	1	1	1	1	1	1		6	220
2928859	Petunia atkinsiana	Plantae	Magnoliopsida	1	1	1	1	1	1		6	220
2930222	Solanum americanum	Plantae	Magnoliopsida	1	1	1	1	1	1		6	220
2964167	Lupinus albus	Plantae	Magnoliopsida	1	1	1	1	1	1		6	220
2971024	Melilotus officinalis (L.) Pallas	Plantae	Magnoliopsida	1	1	1	1	1	1		6	220
2985995	Hydrangea paniculata	Plantae	Magnoliopsida	1	1	1	1	1	1		6	220
2994229	Rubus nutkanus	Plantae	Magnoliopsida	1	1	1	1	1	1		6	220
3026024	Cotoneaster ascendens	Plantae	Magnoliopsida	1	1	1	1	1	1		6	220
3026049	Cotoneaster dammeri	Plantae	Magnoliopsida	1	1	1	1	1	1		6	220
3026622	Spiraea vanhouttei	Plantae	Magnoliopsida	1	1	1	1	1	1		6	220
3032611	Darmera peltata	Plantae	Magnoliopsida	1	1	1	1	1	1		6	220
3039272	Elaeagnus multiflora	Plantae	Magnoliopsida	1	1	1	1	1	1		6	220
3083488	Paeonia officinalis	Plantae	Magnoliopsida	1	1	1	1	1	1		6	220
3115828	Filago congesta	Plantae	Magnoliopsida	1	1	1	1	1	1		6	220
3128888	Centaurea solstitialis	Plantae	Magnoliopsida	1	1	1	1	1	1		6	220
3138192	Eutrochium purpureum	Plantae	Magnoliopsida	1	1	1	1	1	1		6	220
3151434	Symphyotrichum dumosum	Plantae	Magnoliopsida	1	1	1	1	1	1		6	220
3164340	Platycodon grandiflorus	Plantae	Magnoliopsida	1	1	1	1	1	1		6	220
3169713	Trachelospermum jasminoides	Plantae	Magnoliopsida	1	1	1	1	1	1		6	220
3189883	Acer rubrum	Plantae	Magnoliopsida	1	1	1	1	1	1		6	220
3667238	Oenothera paradoxa	Plantae	Magnoliopsida	1	1	1	1	1	1		6	220
3678256	Cuscuta lupuliformis	Plantae	Magnoliopsida	1	1	1	1	1	1		6	220
3741446	Erinus alpinus	Plantae	Magnoliopsida	1	1	1	1	1	1		6	220
3853033	Neillia incisa	Plantae	Magnoliopsida	1	1	1	1	1	1		6	220
3902360	Mentha cervina	Plantae	Magnoliopsida	1	1	1	1	1	1		6	220
4005004	Lysimachia fortunei	Plantae	Magnoliopsida	1	1	1	1	1	1		6	220
4034001	Persicaria nepalensis	Plantae	Magnoliopsida	1	1	1	1	1	1		6	220
4201688	Phedimus kamtschaticus	Plantae	Magnoliopsida	1	1	1	1	1	1		6	220
4205640	Juglans mandshurica	Plantae	Magnoliopsida	1	1	1	1	1	1		6	220
4270675	Echinochloa muricata muricata	Plantae	Liliopsida	1	1	1	1	1	1		6	196
4362883	Cerithium vulgatum	Animalia	Gastropoda	1	1	1	1	1	1		1	225
4363583	Rapana venosa	Animalia	Gastropoda	1	1	1	1	1	1		1	225
4487598	Closterotomus trivialis	Animalia	Insecta	1	1	1	1	1	1		1	216
4938160	Berberis gagnepainii	Plantae	Magnoliopsida	1	1	1	1	1	1		6	220
4990176	Rhyzobius forestieri	Animalia	Insecta	1	1	1	1	1	1		1	216
5152721	Tuponia mixticolor	Animalia	Insecta	1	1	1	1	1	1		1	216
5178057	Caprella mutica	Animalia	Malacostraca	1	1	1	1	1	1		1	229
5220435	Pelodiscus sinensis	Animalia	Testudines	1	1	1	1	1	1		1	11418114
5228080	Callipepla californica	Animalia	Aves	1	1	1	1	1	1		1	212
5289739	Cenchrus echinatus	Plantae	Liliopsida	1	1	1	1	1	1		6	196
5297966	Iris xiphium	Plantae	Liliopsida	1	1	1	1	1	1		6	196
5331238	Viola sororia	Plantae	Magnoliopsida	1	1	1	1	1	1		6	220
5334194	Macleaya cordata	Plantae	Magnoliopsida	1	1	1	1	1	1		6	220
5334315	Polygonum arenarium	Plantae	Magnoliopsida	1	1	1	1	1	1		6	220
5341407	Monarda didyma	Plantae	Magnoliopsida	1	1	1	1	1	1		6	220
5358774	Trifolium nigrescens	Plantae	Magnoliopsida	1	1	1	1	1	1		6	220
5361977	Sedum mexicanum	Plantae	Magnoliopsida	1	1	1	1	1	1		6	220
5362046	Sedum spathulifolium	Plantae	Magnoliopsida	1	1	1	1	1	1		6	220
5371605	Tolmiea menziesii	Plantae	Magnoliopsida	1	1	1	1	1	1		6	220
5371610	Tiarella cordifolia	Plantae	Magnoliopsida	1	1	1	1	1	1		6	220
5373475	Crambe hispanica	Plantae	Magnoliopsida	1	1	1	1	1	1		6	220
5373483	Crambe hispanica abyssinica	Plantae	Magnoliopsida	1	1	1	1	1	1		6	220
5377395	Matthiola longipetala	Plantae	Magnoliopsida	1	1	1	1	1	1		6	220
5391928	Bidens triplinervia	Plantae	Magnoliopsida	1	1	1	1	1	1		6	220
5401007	Leucanthemum superbum	Plantae	Magnoliopsida	1	1	1	1	1	1		6	220
5403605	Crepis sancta	Plantae	Magnoliopsida	1	1	1	1	1	1		6	220
5414932	Chelone obliqua	Plantae	Magnoliopsida	1	1	1	1	1	1		6	220
5415453	Acanthus spinosus	Plantae	Magnoliopsida	1	1	1	1	1	1		6	220
5528747	Paronychia argentea	Plantae	Magnoliopsida	1	1	1	1	1	1		6	220
5563116	Nemesia caerulea	Plantae	Magnoliopsida	1	1	1	1	1	1		6	220
6100941	Sturnia pagodarum	Animalia	Aves	1	1	1	1	1	1		1	212
6369140	Prunus domestica domestica	Plantae	Magnoliopsida	1	1	1	1	1	1		6	220
7262958	Acer monspessulanum	Plantae	Magnoliopsida	1	1	1	1	1	1		6	220
7267630	Dianthus giganteus	Plantae	Magnoliopsida	1	1	1	1	1	1		6	220
7277286	Thalictrum speciosissimum	Plantae	Magnoliopsida	1	1	1	1	1	1		6	220
7278040	Thalictrum delavayi	Plantae	Magnoliopsida	1	1	1	1	1	1		6	220
7309012	Callicarpa bodinieri	Plantae	Magnoliopsida	1	1	1	1	1	1		6	220
7341745	Spinus magellanicus	Animalia	Aves	1	1	1	1	1	1		1	212
7427542	Aleurotuba jelinekii	Animalia	Insecta	1	1	1	1	1	1		1	216
7475424	Scabiosa lucida	Plantae	Magnoliopsida	1	1	1	1	1	1		6	220
7636833	Syringa josikaea	Plantae	Magnoliopsida	1	1	1	1	1	1		6	220
7699567	Hymenoscyphus pseudoalbidus	Fungi	Leotiomycetes	1	1	1	1	1	1		5	179
7848321	Linaria triornithophora	Plantae	Magnoliopsida	1	1	1	1	1	1		6	220
8049400	Parentucellia latifolia	Plantae	Magnoliopsida	1	1	1	1	1	1		6	220
8052025	Dicyphus escalerae	Animalia	Insecta	1	1	1	1	1	1		1	216
8062758	Monochamus galloprovincialis	Animalia	Insecta	1	1	1	1	1	1		1	216
8421432	Cornus sanguinea hungarica	Plantae	Magnoliopsida	1	1	1	1	1	1		6	220
9018536	Koenigia campanulata	Plantae	Magnoliopsida	1	1	1	1	1	1		6	220
9288935	Spatula rhynchotis	Animalia	Aves	1	1	1	1	1	1		1	212
9606290	Meleagris gallopavo	Animalia	Aves	1	1	1	1	1	1		1	212
9685907	Falco sparverius	Animalia	Aves	1	1	1	1	1	1		1	212
9791464	Colinus virginianus	Animalia	Aves	1	1	1	1	1	1		1	212
11794300	Xanthium orientale saccharatum	Plantae	Magnoliopsida	1	1	1	1	1	1		6	220
2874706	Tamarix parviflora	Plantae	Magnoliopsida	1	0	3	0	2	0	0.6548557225126836	6	220
2865565	Lagarosiphon major	Plantae	Liliopsida	1	0	3	0	2	0	0.30485794764991125	6	196
9305555	Spatula versicolor	Animalia	Aves	1	0	3	0	1	0	0.4307997852183949	1	212
8599762	Aproceros leucopoda	Animalia	Insecta	1	0	3	0	1	0	0.23695620449385565	1	216
4933624	Inula racemosa	Plantae	Magnoliopsida	1	0	2	0	3	0	0.8306772845984375	6	220
5229055	Psittacula eupatria	Animalia	Aves	1	0	2	0	3	0	0.6942844601443701	1	212
9508460	Mareca sibilatrix	Animalia	Aves	1	0	2	0	2	0	0.8717229437493121	1	212
7501634	Rosa multiflora Murray	Plantae	Magnoliopsida	1	0	2	0	2	0	0.8195983248735467	6	220
7671397	Phuopsis stylosa	Plantae	Magnoliopsida	1	0	2	0	2	0	0.8160384125363639	6	220
2703712	Bromus carinatus	Plantae	Liliopsida	1	0	2	0	2	0	0.7701703330223408	6	196
5414239	Ilex crenata	Plantae	Magnoliopsida	1	0	2	0	2	0	0.6925310878541708	6	220
2426661	Pelophylax ridibundus	Animalia	Amphibia	1	0	2	0	2	0	0.6726986614363629	1	131
8362005	Sasa palmata	Plantae	Liliopsida	1	0	2	0	2	0	0.5513538477339284	6	196
9496048	Spatula hottentota	Animalia	Aves	1	0	2	0	2	0	0.42196738130082456	1	212
5851603	Leuciscus aspius	Animalia		1	0	2	0	1	0	0.7146605131787206	1	
5567694	Bergenia crassifolia	Plantae	Magnoliopsida	1	0	2	0	1	0	0.6834122017788276	6	220
2870583	Pistia stratiotes	Plantae	Liliopsida	1	0	2	0	1	0	0.49472329809003435	6	196
2494097	Euplectes afer	Animalia	Aves	1	0	2	0	1	0	0.18074800178357278	1	212
3146683	Erigeron sumatrensis	Plantae	Magnoliopsida	1	0	1	2	1	2	1.000174045411663	6	220
7062200	Trachemys scripta scripta	Animalia	Testudines	1	0	1	0	3	0	0.4259718685368086	1	11418114
6369819	Sambucus canadensis	Plantae	Magnoliopsida	1	0	1	0	2	0	0.4054010909207149	6	220
5362054	Crassula helmsii	Plantae	Magnoliopsida	1	0	1	0	1	2	0.9750776442525335	6	220
3025617	Cotoneaster horizontalis	Plantae	Magnoliopsida	1	0	1	0	1	0	0.9617178742580618	6	220
2683866	Chamaecyparis lawsoniana	Plantae	Pinopsida	1	0	1	0	1	0	0.9296932142275569	6	194
2888625	Viburnum rhytidophyllum	Plantae	Magnoliopsida	1	0	1	0	1	0	0.9291969642169827	6	220
3147018	Erigeron floribundus	Plantae	Magnoliopsida	1	0	1	0	1	0	0.9276991552131888	6	220
3040185	Populus canescens	Plantae	Magnoliopsida	1	0	1	0	1	0	0.9171136521496567	6	220
2882482	Calluna vulgaris	Plantae	Magnoliopsida	1	0	1	0	1	0	0.9123655286468036	6	220
5598915	Lonicera pileata	Plantae	Magnoliopsida	1	0	1	0	1	0	0.9018872988027207	6	220
2766030	Pontederia cordata	Plantae	Liliopsida	1	0	1	0	1	0	0.8721268727643166	6	196
7224157	Pastinaca sativa sativa	Plantae	Magnoliopsida	1	0	1	0	1	0	0.8590886553733099	6	220
8909595	Faxonius limosus	Animalia	Malacostraca	1	0	1	0	1	0	0.8549446454233828	1	229
2480764	Threskiornis aethiopicus	Animalia	Aves	1	0	1	0	1	0	0.8471405087956346	1	212
3026092	Cotoneaster hjelmqvistii	Plantae	Magnoliopsida	1	0	1	0	1	0	0.8380214429662176	6	220
3025896	Cotoneaster dielsianus	Plantae	Magnoliopsida	1	0	1	0	1	0	0.8074424738616031	6	220
5232428	Chloephaga picta	Animalia	Aves	1	0	1	0	1	0	0.783502973146981	1	212
3663237	Cornus sanguinea australis	Plantae	Magnoliopsida	1	0	1	0	1	0	0.770210199626712	6	220
2498305	Oxyura jamaicensis	Animalia	Aves	1	0	1	0	1	0	0.7613306569135719	1	212
4315705	Dikerogammarus villosus	Animalia	Malacostraca	1	0	1	0	1	0	0.7563289997194365	1	229
3028528	Alchemilla mollis	Plantae	Magnoliopsida	1	0	1	0	1	0	0.7483993219225789	6	220
2965354	Medicago falcata	Plantae	Magnoliopsida	1	0	1	0	1	0	0.7384667548412615	6	220
2882849	Vaccinium corymbosum	Plantae	Magnoliopsida	1	0	1	0	1	0	0.7157720436349149	6	220
2498167	Anser caerulescens	Animalia	Aves	1	0	1	0	1	0	0.643233255717771	1	212
3171888	Lindernia dubia	Plantae	Magnoliopsida	1	0	1	0	1	0	0.6306689014934573	6	220
4352332	Phoenicopterus roseus	Animalia	Aves	1	0	1	0	1	0	0.5087025080817404	1	212
2775530	Yucca flaccida	Plantae	Liliopsida	1	0	1	0	1	0	0.5020818059220893	6	196
4488821	Deraeocoris flavilinea	Animalia	Insecta	1	0	1	0	1	0	0.35283670637322984	1	216
5355395	Spartium junceum	Plantae	Magnoliopsida	1	0	1	0	1	0	0.2895820300111062	6	220
2481110	Phoenicopterus chilensis	Animalia	Aves	1	0	1	0	1	0	0.2589584335082842	1	212
1652150	Aedes koreicus	Animalia	Insecta	1	0	1	0	1	0	0.0039743036831401185	1	216
4285968	Ponticola kessleri	Animalia		1	0	1	0	1	0	0.0020082045530004722	1	
5369784	Geum macrophyllum	Plantae	Magnoliopsida	0	3	0	3	0	3	1.4253996715010977	6	220
3084022	Phytolacca acinosa	Plantae	Magnoliopsida	0	3	0	3	0	3	1.3548654444315624	6	220
1047536	Leptinotarsa decemlineata	Animalia	Insecta	0	3	0	3	0	3	1.2587381695731568	1	216
7802465	Nymphaea marliacea	Plantae	Magnoliopsida	0	3	0	3	0	3	1.2512686288019328	6	220
3067119	Euphorbia maculata	Plantae	Magnoliopsida	0	3	0	3	0	3	1.2485071509207475	6	220
1718308	Acheta domesticus	Animalia	Insecta	0	3	0	3	0	3	1.223165562209464	1	216
3098912	Cosmos bipinnatus	Plantae	Magnoliopsida	0	3	0	3	0	3	1.217445747693256	6	220
9326020	Gallus gallus	Animalia	Aves	0	3	0	3	0	3	1.2160079926997187	1	212
2888439	Papaver somniferum	Plantae	Magnoliopsida	0	3	0	3	0	3	1.2031875868223	6	220
3033865	Mahonia aquifolium	Plantae	Magnoliopsida	0	3	0	3	0	3	1.1737084263073037	6	220
9398259	Sporobolus anglicus	Plantae	Liliopsida	0	3	0	3	0	3	1.1697485277297985	6	196
4532122	Cydalima perspectalis	Animalia	Insecta	0	3	0	3	0	3	1.154690036932354	1	216
8485639	Ensis leei	Animalia	Bivalvia	0	3	0	3	0	3	1.1494680125036254	1	137
8200663	Cymbalaria muralis	Plantae	Magnoliopsida	0	3	0	3	0	3	1.126120662756361	6	220
3054368	Juglans regia	Plantae	Magnoliopsida	0	3	0	3	0	3	1.0971213218515856	6	220
4201607	Phedimus spurius	Plantae	Magnoliopsida	0	3	0	3	0	3	1.0935971439509804	6	220
3147168	Erigeron karvinskianus	Plantae	Magnoliopsida	0	3	0	3	0	3	1.08585437222926	6	220
2876607	Alnus cordata	Plantae	Magnoliopsida	0	3	0	3	0	3	1.069072401172215	6	220
5365705	Potentilla intermedia	Plantae	Magnoliopsida	0	3	0	3	0	3	1.0490944977852954	6	220
3039194	Parthenocissus quinquefolia	Plantae	Magnoliopsida	0	3	0	3	0	3	1.0433822913073898	6	220
7820753	Magallana gigas	Animalia	Bivalvia	0	3	0	3	0	3	1.0348738191199003	1	137
5285565	Pinus pinaster	Plantae	Pinopsida	0	3	0	3	0	3	1.0085050451815172	6	194
3189837	Acer saccharinum	Plantae	Magnoliopsida	0	1	0	3	0	3	1.0077259888343733	6	220
3026294	Cotoneaster bullatus	Plantae	Magnoliopsida	0	1	0	1	0	1	0.9754091146910279	6	220
2685796	Pseudotsuga menziesii	Plantae	Pinopsida	0	1	0	1	0	1	0.9323492928670682	6	194
5284884	Picea abies	Plantae	Pinopsida	0	1	0	1	0	1	0.9278641598400378	6	194
3026162	Cotoneaster franchetii	Plantae	Magnoliopsida	0	1	0	1	0	1	0.9187771356396448	6	220
2041682	Graphocephala fennahi	Animalia	Insecta	0	1	0	1	0	1	0.8888953791328817	1	216
2686212	Larix decidua	Plantae	Pinopsida	0	1	0	1	0	1	0.8872714078910883	6	194
2498155	Mareca americana	Animalia	Aves	0	1	0	1	0	1	0.8599413006659506	1	212
4314683	Chelicorophium curvispinum	Animalia	Malacostraca	0	1	0	1	0	1	0.027457400363260238	1	229
2205951	Proasellus coxalis	Animalia	Malacostraca	0	1	0	1	0	1	5.3481057457616496e-5	1	229
1003567	Pectinatella magnifica	Animalia	Phylactolaemata	0	0	1	1	1	1		1	139
1031394	Ectopsocus petersi	Animalia	Insecta	0	0	1	1	1	1		1	216
1031737	Psyllipsocus ramburii	Animalia	Insecta	0	0	1	1	1	1		1	216
1652212	Aedes japonicus	Animalia	Insecta	0	0	1	1	1	1		1	216
1714140	Oedaleus decorus	Animalia	Insecta	0	0	1	1	1	1		1	216
2010226	Sthenarus rotermundi	Animalia	Insecta	0	0	1	1	1	1		1	216
2020779	Buchananiella continua	Animalia	Insecta	0	0	1	1	1	1		1	216
2047706	Stragania apicalis	Animalia	Insecta	0	0	1	1	1	1		1	216
2049512	Daktulosphaira vitifoliae	Animalia	Insecta	0	0	1	1	1	1		1	216
2080592	Icerya purchasi	Animalia	Insecta	0	0	1	1	1	1		1	216
2426640	Pelophylax bedriagae	Animalia	Amphibia	0	0	1	1	1	1		1	131
2437397	Callosciurus prevostii	Animalia	Mammalia	0	0	1	1	1	1		1	359
2443079	Graptemys ouachitensis	Animalia	Testudines	0	0	1	1	1	1		1	11418114
2455615	Pantherophis guttatus	Animalia	Squamata	0	0	1	1	1	1		1	11592253
2479498	Polytelis anthopeplus	Animalia	Aves	0	0	1	1	1	1		1	212
2479544	Agapornis fischeri	Animalia	Aves	0	0	1	1	1	1		1	212
2480181	Psittacus erithacus	Animalia	Aves	0	0	1	1	1	1		1	212
2489010	Acridotheres cristatellus	Animalia	Aves	0	0	1	1	1	1		1	212
2489089	Lamprotornis splendidus	Animalia	Aves	0	0	1	1	1	1		1	212
2495688	Streptopelia roseogrisea	Animalia	Aves	0	0	1	1	1	1		1	212
2498411	Amazonetta brasiliensis	Animalia	Aves	0	0	1	1	1	1		1	212
2702820	Echinochloa oryzoides	Plantae	Liliopsida	0	0	1	1	1	1		6	196
2703041	Arundo donax	Plantae	Liliopsida	0	0	1	1	1	1		6	196
2703459	Oryza sativa	Plantae	Liliopsida	0	0	1	1	1	1		6	196
2765942	Pontederia crassipes	Plantae	Liliopsida	0	0	1	1	1	1		6	196
2856204	Allium siculum	Plantae	Liliopsida	0	0	1	1	1	1		6	196
2857679	Allium macleanii	Plantae	Liliopsida	0	0	1	1	1	1		6	196
2878826	Quercus pyrenaica	Plantae	Magnoliopsida	0	0	1	1	1	1		6	220
2890651	Geranium psilostemon	Plantae	Magnoliopsida	0	0	1	1	1	1		6	220
2927363	Pycnanthemum verticillatum	Plantae	Magnoliopsida	0	0	1	1	1	1		6	220
3000679	Chaenomeles speciosa	Plantae	Magnoliopsida	0	0	1	1	1	1		6	220
3064495	Euphorbia heterophylla	Plantae	Magnoliopsida	0	0	1	1	1	1		6	220
3085389	Sagina japonica	Plantae	Magnoliopsida	0	0	1	1	1	1		6	220
3104150	Tripleurospermum decipiens	Plantae	Magnoliopsida	0	0	1	1	1	1		6	220
3188896	Oenothera villosa	Plantae	Magnoliopsida	0	0	1	1	1	1		6	220
3189835	Acer macrophyllum	Plantae	Magnoliopsida	0	0	1	1	1	1		6	220
3664287	Oenothera casimiri	Plantae	Magnoliopsida	0	0	1	1	1	1		6	220
4048240	Elaeagnus submacrophylla	Plantae	Magnoliopsida	0	0	1	1	1	1		6	220
4123394	Festuca guestfalica hirtula	Plantae	Liliopsida	0	0	1	1	1	1		6	196
4486297	Arocatus longiceps	Animalia	Insecta	0	0	1	1	1	1		1	216
4486365	Nysius huttoni	Animalia	Insecta	0	0	1	1	1	1		1	216
4486382	Orsillus depressus	Animalia	Insecta	0	0	1	1	1	1		1	216
4496973	Andricus gemmeus	Animalia	Insecta	0	0	1	1	1	1		1	216
4497180	Andricus aries	Animalia	Insecta	0	0	1	1	1	1		1	216
5104748	Cameraria gaultheriella	Animalia	Insecta	0	0	1	1	1	1		1	216
5178052	Caprella equilibra	Animalia	Malacostraca	0	0	1	1	1	1		1	229
5229411	Anastomus lamelligerus	Animalia	Aves	0	0	1	1	1	1		1	212
5231398	Leiothrix lutea	Animalia	Aves	0	0	1	1	1	1		1	212
5296432	Sisyrinchium striatum	Plantae	Liliopsida	0	0	1	1	1	1		6	196
5372559	Salix exigua	Plantae	Magnoliopsida	0	0	1	1	1	1		6	220
5372827	Salix irrorata	Plantae	Magnoliopsida	0	0	1	1	1	1		6	220
5389058	Solidago altissima	Plantae	Magnoliopsida	0	0	1	1	1	1		6	220
5395559	Ligularia przewalskii	Plantae	Magnoliopsida	0	0	1	1	1	1		6	220
5676646	Digitaria aequiglumis	Plantae	Liliopsida	0	0	1	1	1	1		6	196
5729018	Donax serra	Animalia	Bivalvia	0	0	1	1	1	1		1	137
6427785	Oenothera tetragona	Plantae	Magnoliopsida	0	0	1	1	1	1		6	220
7322292	Oenothera cambrica	Plantae	Magnoliopsida	0	0	1	1	1	1		6	220
7358677	Populus nigra italica	Plantae	Magnoliopsida	0	0	1	1	1	1		6	220
9040863	Neslia paniculata	Plantae	Magnoliopsida	0	0	1	1	1	1		6	220
9462721	Spatula versicolor versicolor	Animalia	Aves	0	0	1	1	1	1		1	212
9673106	Eriocapitella hybrida	Plantae	Magnoliopsida	0	0	1	1	1	1		6	220
3022203	Prunus fruticans	Plantae	Magnoliopsida	0	0	1	0	1	0	0.7494496335483977	6	220
4497124	Andricus quercuscalicis	Animalia	Insecta	0	0	1	0	1	0	0.18470215216423977	1	216
2879098	Quercus ilex	Plantae	Magnoliopsida	0	0	0	0	2	2	0.7948094549678557	6	220
1830284	Argyresthia thuiella	Animalia	Insecta	0	0	0	0	1	1		1	216
2092040	Pulvinaria regalis	Animalia	Insecta	0	0	0	0	1	1		1	216
2431781	Salamandra atra	Animalia	Amphibia	0	0	0	0	1	1		1	131
2445034	Tarentola mauritanica	Animalia	Squamata	0	0	0	0	1	1		1	11592253
2465380	Python regius	Animalia	Squamata	0	0	0	0	1	1		1	11592253
2480668	Geranoaetus melanoleucus	Animalia	Aves	0	0	0	0	1	1		1	212
2489005	Acridotheres tristis	Animalia	Aves	0	0	0	0	1	1		1	212
2498313	Nettapus auritus	Animalia	Aves	0	0	0	0	1	1		1	212
2537743	Lentinula edodes	Fungi	Agaricomycetes	0	0	0	0	1	1		5	186
2705622	Paspalum distichum	Plantae	Liliopsida	0	0	0	0	1	1		6	196
3023671	Prunus domestica syriaca	Plantae	Magnoliopsida	0	0	0	0	1	1		6	220
3084842	Carpobrotus edulis	Plantae	Magnoliopsida	0	0	0	0	1	1		6	220
3188829	Oenothera elata	Plantae	Magnoliopsida	0	0	0	0	1	1		6	220
3188859	Oenothera speciosa	Plantae	Magnoliopsida	0	0	0	0	1	1		6	220
3663772	Oenothera moravica	Plantae	Magnoliopsida	0	0	0	0	1	1		6	220
3768287	Acer cissifolium	Plantae	Magnoliopsida	0	0	0	0	1	1		6	220
4102909	Lomelosia stellata	Plantae	Magnoliopsida	0	0	0	0	1	1		6	220
4133390	Lolium boucheanum	Plantae	Liliopsida	0	0	0	0	1	1		6	196
4293134	Neoclytus acuminatus	Animalia	Insecta	0	0	0	0	1	1		1	216
5224503	Lampropeltis triangulum	Animalia	Squamata	0	0	0	0	1	1		1	11592253
5229156	Pelecanus conspicillatus	Animalia	Aves	0	0	0	0	1	1		1	212
5395475	Ligularia dentata	Plantae	Magnoliopsida	0	0	0	0	1	1		6	220
5406735	Sida rhombifolia	Plantae	Magnoliopsida	0	0	0	0	1	1		6	220
5609719	Scutellaria columnae	Plantae	Magnoliopsida	0	0	0	0	1	1		6	220
8021567	Hypericum olympicum	Plantae	Magnoliopsida	0	0	0	0	1	1		6	220
8045533	Potentilla supina costata	Plantae	Magnoliopsida	0	0	0	0	1	1		6	220
8302634	Oenothera suaveolens	Plantae	Magnoliopsida	0	0	0	0	1	1		6	220
8766638	Hypsopygia nostralis	Animalia	Insecta	0	0	0	0	1	1		1	216
12187916	Tarenaya houtteana	Plantae	Magnoliopsida	0	0	0	0	1	1		6	220
3190653	Ailanthus altissima	Plantae	Magnoliopsida	0	0	0	0	0	0	0.9731343310617295	6	220
5284809	Pinus nigra	Plantae	Pinopsida	0	0	0	0	0	0	0.954115184384389	6	194
2775619	Yucca gloriosa	Plantae	Liliopsida	0	0	0	0	0	0	0.9270841495790751	6	196
8183217	Salix gmelinii	Plantae	Magnoliopsida	0	0	0	0	0	0	0.9130275954879912	6	220
3981543	Berberis julianae	Plantae	Magnoliopsida	0	0	0	0	0	0	0.8964029993113524	6	220
5285637	Pinus sylvestris	Plantae	Pinopsida	0	0	0	0	0	0	0.892697344693726	6	194
3003244	Rosa multiflora Thunb.	Plantae	Magnoliopsida	0	0	0	0	0	0	0.8895828310639692	6	220
5384361	Amaranthus bouchonii	Plantae	Magnoliopsida	0	0	0	0	0	0	0.8884280904331348	6	220
6362904	Populus trichocarpa	Plantae	Magnoliopsida	0	0	0	0	0	0	0.879781637043639	6	220
2890541	Geranium purpureum	Plantae	Magnoliopsida	0	0	0	0	0	0	0.8569140974660566	6	220
2435035	Felis catus	Animalia	Mammalia	0	0	0	0	0	0	0.8388590654166808	1	359
3152583	Hibiscus syriacus	Plantae	Magnoliopsida	0	0	0	0	0	0	0.8247130399731555	6	220
7068732	Arabidopsis arenosa arenosa	Plantae	Magnoliopsida	0	0	0	0	0	0	0.8179692118416187	6	220
3169137	Euonymus fortunei	Plantae	Magnoliopsida	0	0	0	0	0	0	0.8168515730945778	6	220
2995149	Rubus phoenicolasius	Plantae	Magnoliopsida	0	0	0	0	0	0	0.7932434706331613	6	220
6157026	Trachemys scripta elegans	Animalia	Testudines	0	0	0	0	0	0	0.7688653780406681	1	11418114
2362868	Pseudorasbora parva	Animalia		0	0	0	0	0	0	0.7439461980768945	1	
1690429	Meconema meridionale	Animalia	Insecta	0	0	0	0	0	0	0.6851229254567268	1	216
8168344	Hedera hibernica	Plantae	Magnoliopsida	0	0	0	0	0	0	0.6593729627725231	6	220
5220136	Dama dama	Animalia	Mammalia	0	0	0	0	0	0	0.6525436970433867	1	359
2337607	Silurus glanis	Animalia		0	0	0	0	0	0	0.6292554439925535	1	
4460066	Chrysolina americana	Animalia	Insecta	0	0	0	0	0	0	0.5470923126286528	1	216
4409643	Leuciscus idus	Animalia		0	0	0	0	0	0	0.49686000243293393	1	
4372686	Ruditapes philippinarum	Animalia	Bivalvia	0	0	0	0	0	0	0.4021049282320655	1	137
2379245	Proterorhinus semilunaris	Animalia		0	0	0	0	0	0	0.22304863164331398	1	
2362881	Leucaspius delineatus	Animalia		0	0	0	0	0	0	0.21859286290541766	1	
2379089	Neogobius melanostomus	Animalia		0	0	0	0	0	0	0.15280455049049096	1	
4287131	Acipenser baerii	Animalia		0	0	0	0	0	0	0.09832017307029277	1	
2402129	Acipenser gueldenstaedtii	Animalia		0	0	0	0	0	0	0.045727353675432486	1	
1008955	Fenestrulina delicia	Animalia	Gymnolaemata	0	0	0	0	0	0		1	252
1031400	Ectopsocus briggsi	Animalia	Insecta	0	0	0	0	0	0		1	216
1247584	Stenopelmus rufinasus	Animalia	Insecta	0	0	0	0	0	0		1	216
1707320	Schistocerca gregaria	Animalia	Insecta	0	0	0	0	0	0		1	216
1728965	Tachycines asynamorus	Animalia	Insecta	0	0	0	0	0	0		1	216
1830823	Prays citri	Animalia	Insecta	0	0	0	0	0	0		1	216
1873890	Cadra cautella	Animalia	Insecta	0	0	0	0	0	0		1	216
1971998	Nepytia phantasmaria	Animalia	Insecta	0	0	0	0	0	0		1	216
2020688	Stephanitis rhododendri	Animalia	Insecta	0	0	0	0	0	0		1	216
2020879	Lyctocoris campestris	Animalia	Insecta	0	0	0	0	0	0		1	216
2049732	Adelges cooleyi	Animalia	Insecta	0	0	0	0	0	0		1	216
2114769	Pseudodiaptomus marinus	Animalia	Copepoda	0	0	0	0	0	0		1	11545536
2138688	Mermessus trilobatus	Animalia	Arachnida	0	0	0	0	0	0		1	367
2149761	Micropholcus fauroti	Animalia	Arachnida	0	0	0	0	0	0		1	367
2162537	Oecobius navus	Animalia	Arachnida	0	0	0	0	0	0		1	367
2172885	Evarcha jucunda	Animalia	Arachnida	0	0	0	0	0	0		1	367
2220312	Hemimysis anomala	Animalia	Malacostraca	0	0	0	0	0	0		1	229
2225646	Callinectes sapidus	Animalia	Malacostraca	0	0	0	0	0	0		1	229
2226990	Pacifastacus leniusculus	Animalia	Malacostraca	0	0	0	0	0	0		1	229
2287249	Ensis directus	Animalia	Bivalvia	0	0	0	0	0	0		1	137
2307447	Barbronia weberi	Animalia	Clitellata	0	0	0	0	0	0		1	255
2307929	Placobdella ornata	Animalia	Clitellata	0	0	0	0	0	0		1	255
2308609	Potamothrix moldaviensis	Animalia	Clitellata	0	0	0	0	0	0		1	255
2321010	Marenzelleria neglecta	Animalia	Polychaeta	0	0	0	0	0	0		1	256
2331942	Styela clava	Animalia	Ascidiacea	0	0	0	0	0	0		1	356
2367742	Pimephales promelas	Animalia		0	0	0	0	0	0		1	
2379105	Neogobius fluviatilis	Animalia		0	0	0	0	0	0		1	
2399874	Micropogonias undulatus	Animalia		0	0	0	0	0	0		1	
2402168	Acipenser ruthenus	Animalia		0	0	0	0	0	0		1	
2427555	Hyla meridionalis	Animalia	Amphibia	0	0	0	0	0	0		1	131
2434552	Nyctereutes procyonoides	Animalia	Mammalia	0	0	0	0	0	0		1	359
2437232	Cynomys ludovicianus	Animalia	Mammalia	0	0	0	0	0	0		1	359
2437394	Callosciurus erythraeus	Animalia	Mammalia	0	0	0	0	0	0		1	359
2449133	Chamaeleo calyptratus	Animalia	Squamata	0	0	0	0	0	0		1	11592253
2474055	Alectoris graeca	Animalia	Aves	0	0	0	0	0	0		1	212
2474942	Grus vipio	Animalia	Aves	0	0	0	0	0	0		1	212
2474944	Grus japonensis	Animalia	Aves	0	0	0	0	0	0		1	212
2476041	Bucorvus leadbeateri	Animalia	Aves	0	0	0	0	0	0		1	212
2479555	Agapornis canus	Animalia	Aves	0	0	0	0	0	0		1	212
2479666	Amazona amazonica	Animalia	Aves	0	0	0	0	0	0		1	212
2479955	Poicephalus cryptoxanthus	Animalia	Aves	0	0	0	0	0	0		1	212
2480317	Charadrius pecuarius	Animalia	Aves	0	0	0	0	0	0		1	212
2480350	Pelecanus onocrotalus	Animalia	Aves	0	0	0	0	0	0		1	212
2480352	Pelecanus rufescens	Animalia	Aves	0	0	0	0	0	0		1	212
2480514	Aquila rapax	Animalia	Aves	0	0	0	0	0	0		1	212
2480762	Pluvianus aegyptius	Animalia	Aves	0	0	0	0	0	0		1	212
2480800	Platalea alba	Animalia	Aves	0	0	0	0	0	0		1	212
2480897	Egretta novaehollandiae	Animalia	Aves	0	0	0	0	0	0		1	212
2481034	Falco cherrug	Animalia	Aves	0	0	0	0	0	0		1	212
2481104	Phoeniconaias minor	Animalia	Aves	0	0	0	0	0	0		1	212
2484103	Chrysomus icterocephalus	Animalia	Aves	0	0	0	0	0	0		1	212
2484133	Quiscalus major	Animalia	Aves	0	0	0	0	0	0		1	212
2486131	Pycnonotus cafer	Animalia	Aves	0	0	0	0	0	0		1	212
2489004	Acridotheres ginginianus	Animalia	Aves	0	0	0	0	0	0		1	212
2493598	Lonchura punctulata	Animalia	Aves	0	0	0	0	0	0		1	212
2494066	Ploceus jacksoni	Animalia	Aves	0	0	0	0	0	0		1	212
2494070	Ploceus melanocephalus	Animalia	Aves	0	0	0	0	0	0		1	212
2494408	Mycerobas icterioides	Animalia	Aves	0	0	0	0	0	0		1	212
2494514	Carpodacus roseus	Animalia	Aves	0	0	0	0	0	0		1	212
2495190	Ocyphaps lophotes	Animalia	Aves	0	0	0	0	0	0		1	212
2498001	Sarkidiornis melanotos	Animalia	Aves	0	0	0	0	0	0		1	212
2498011	Tadorna variegata	Animalia	Aves	0	0	0	0	0	0		1	212
2498084	Anas superciliosa	Animalia	Aves	0	0	0	0	0	0		1	212
2498345	Cygnus buccinator	Animalia	Aves	0	0	0	0	0	0		1	212
2498380	Cyanochen cyanoptera	Animalia	Aves	0	0	0	0	0	0		1	212
2498398	Dendrocygna arcuata	Animalia	Aves	0	0	0	0	0	0		1	212
2498405	Dendrocygna eytoni	Animalia	Aves	0	0	0	0	0	0		1	212
2514972	Puccinia komarovii	Fungi	Pucciniomycetes	0	0	0	0	0	0		5	270
2516809	Melampsoridium betulinum	Fungi	Pucciniomycetes	0	0	0	0	0	0		5	270
2653256	Ephedra intermedia	Plantae	Gnetopsida	0	0	0	0	0	0		6	282
2683894	Xanthocyparis nootkatensis	Plantae	Pinopsida	0	0	0	0	0	0		6	194
2685552	Abies nordmanniana	Plantae	Pinopsida	0	0	0	0	0	0		6	194
2701649	Juncus xiphioides	Plantae	Liliopsida	0	0	0	0	0	0		6	196
2702822	Echinochloa frumentacea	Plantae	Liliopsida	0	0	0	0	0	0		6	196
2703240	Dinebra retroflexa	Plantae	Liliopsida	0	0	0	0	0	0		6	196
2703346	Anthoxanthum nitens	Plantae	Liliopsida	0	0	0	0	0	0		6	196
2704854	Dasypyrum villosum (L.) Borbás	Plantae	Liliopsida	0	0	0	0	0	0		6	196
2705512	Glyceria canadensis	Plantae	Liliopsida	0	0	0	0	0	0		6	196
2705854	Urochloa platyphylla	Plantae	Liliopsida	0	0	0	0	0	0		6	196
2705932	Axonopus fissifolius	Plantae	Liliopsida	0	0	0	0	0	0		6	196
2706301	Coix lacryma-jobi	Plantae	Liliopsida	0	0	0	0	0	0		6	196
2706526	Agrostis exarata	Plantae	Liliopsida	0	0	0	0	0	0		6	196
2723271	Carex melanostachya	Plantae	Liliopsida	0	0	0	0	0	0		6	196
2728060	Carex vulpinoidea	Plantae	Liliopsida	0	0	0	0	0	0		6	196
2747489	Crocus chrysanthus	Plantae	Liliopsida	0	0	0	0	0	0		6	196
2747750	Crocus luteus	Plantae	Liliopsida	0	0	0	0	0	0		6	196
2769435	Maianthemum dilatatum	Plantae	Liliopsida	0	0	0	0	0	0		6	196
2772885	Ornithogalum pyramidale	Plantae	Liliopsida	0	0	0	0	0	0		6	196
2772958	Ornithogalum narbonense	Plantae	Liliopsida	0	0	0	0	0	0		6	196
2774846	Chlorophytum comosum	Plantae	Liliopsida	0	0	0	0	0	0		6	196
2874569	Cucumis sativus	Plantae	Magnoliopsida	0	0	0	0	0	0		6	220
2874702	Tamarix africana	Plantae	Magnoliopsida	0	0	0	0	0	0		6	220
2876571	Alnus pubescens	Plantae	Magnoliopsida	0	0	0	0	0	0		6	220
2882360	Fagus orientalis	Plantae	Magnoliopsida	0	0	0	0	0	0		6	220
2888990	Rumex salicifolius	Plantae	Magnoliopsida	0	0	0	0	0	0		6	220
2889005	Rumex kerneri	Plantae	Magnoliopsida	0	0	0	0	0	0		6	220
2889980	Geranium magnificum	Plantae	Magnoliopsida	0	0	0	0	0	0		6	220
2890623	Geranium carolinianum	Plantae	Magnoliopsida	0	0	0	0	0	0		6	220
2890995	Geranium cantabrigiense	Plantae	Magnoliopsida	0	0	0	0	0	0		6	220
2891677	Oxalis dillenii	Plantae	Magnoliopsida	0	0	0	0	0	0		6	220
2927492	Cuscuta gronovii	Plantae	Magnoliopsida	0	0	0	0	0	0		6	220
2927530	Cuscuta epilinum	Plantae	Magnoliopsida	0	0	0	0	0	0		6	220
2928534	Ipomoea nil	Plantae	Magnoliopsida	0	0	0	0	0	0		6	220
2928584	Ipomoea lacunosa	Plantae	Magnoliopsida	0	0	0	0	0	0		6	220
2928861	Petunia integrifolia	Plantae	Magnoliopsida	0	0	0	0	0	0		6	220
2931738	Solanum pimpinellifolium	Plantae	Magnoliopsida	0	0	0	0	0	0		6	220
2971033	Melilotus infestus	Plantae	Magnoliopsida	0	0	0	0	0	0		6	220
2975132	Vicia narbonensis	Plantae	Magnoliopsida	0	0	0	0	0	0		6	220
2977222	Ononis alopecuroides	Plantae	Magnoliopsida	0	0	0	0	0	0		6	220
2982380	Vigna radiata	Plantae	Magnoliopsida	0	0	0	0	0	0		6	220
2985944	Kalanchoe blossfeldiana	Plantae	Magnoliopsida	0	0	0	0	0	0		6	220
2985986	Hydrangea arborescens	Plantae	Magnoliopsida	0	0	0	0	0	0		6	220
2986022	Philadelphus pubescens	Plantae	Magnoliopsida	0	0	0	0	0	0		6	220
2988224	Pyracantha fortuneana	Plantae	Magnoliopsida	0	0	0	0	0	0		6	220
2994120	Rubus cockburnianus	Plantae	Magnoliopsida	0	0	0	0	0	0		6	220
3000406	Stranvaesia davidiana	Plantae	Magnoliopsida	0	0	0	0	0	0		6	220
3001362	Malus baccata	Plantae	Magnoliopsida	0	0	0	0	0	0		6	220
3020838	Prunus tomentosa	Plantae	Magnoliopsida	0	0	0	0	0	0		6	220
3025605	Cotoneaster zabelii	Plantae	Magnoliopsida	0	0	0	0	0	0		6	220
3025731	Cotoneaster moupinensis	Plantae	Magnoliopsida	0	0	0	0	0	0		6	220
3025858	Cotoneaster ambiguus	Plantae	Magnoliopsida	0	0	0	0	0	0		6	220
3025875	Cotoneaster conspicuus	Plantae	Magnoliopsida	0	0	0	0	0	0		6	220
3025889	Cotoneaster beimashanensis	Plantae	Magnoliopsida	0	0	0	0	0	0		6	220
3026004	Cotoneaster watereri	Plantae	Magnoliopsida	0	0	0	0	0	0		6	220
3026105	Cotoneaster integrifolius	Plantae	Magnoliopsida	0	0	0	0	0	0		6	220
3027341	Spiraea nipponica	Plantae	Magnoliopsida	0	0	0	0	0	0		6	220
3027791	Alchemilla micans	Plantae	Magnoliopsida	0	0	0	0	0	0		6	220
3033396	Ranunculus marginatus	Plantae	Magnoliopsida	0	0	0	0	0	0		6	220
3033460	Ranunculus trilobus	Plantae	Magnoliopsida	0	0	0	0	0	0		6	220
3033905	Berberis darwinii	Plantae	Magnoliopsida	0	0	0	0	0	0		6	220
3034602	Hydrocotyle verticillata	Plantae	Magnoliopsida	0	0	0	0	0	0		6	220
3040232	Populus deltoides	Plantae	Magnoliopsida	0	0	0	0	0	0		6	220
3040241	Populus jackii	Plantae	Magnoliopsida	0	0	0	0	0	0		6	220
3040928	Conringia planisiliqua	Plantae	Magnoliopsida	0	0	0	0	0	0		6	220
3046744	Sisymbrium volgense	Plantae	Magnoliopsida	0	0	0	0	0	0		6	220
3085366	Agrostemma brachyloba	Plantae	Magnoliopsida	0	0	0	0	0	0		6	220
3094939	Onopordum tauricum	Plantae	Magnoliopsida	0	0	0	0	0	0		6	220
3112994	Cirsium subalpinum	Plantae	Magnoliopsida	0	0	0	0	0	0		6	220
3119185	Helianthus decapetalus	Plantae	Magnoliopsida	0	0	0	0	0	0		6	220
3120391	Achillea ageratum	Plantae	Magnoliopsida	0	0	0	0	0	0		6	220
3125933	Santolina chamaecyparissus	Plantae	Magnoliopsida	0	0	0	0	0	0		6	220
3131367	Helichrysum petiolare	Plantae	Magnoliopsida	0	0	0	0	0	0		6	220
3139003	Melampodium montanum	Plantae	Magnoliopsida	0	0	0	0	0	0		6	220
3147913	Verbesina encelioides	Plantae	Magnoliopsida	0	0	0	0	0	0		6	220
3151692	Symphyotrichum ciliatum	Plantae	Magnoliopsida	0	0	0	0	0	0		6	220
3169169	Celastrus orbiculatus	Plantae	Magnoliopsida	0	0	0	0	0	0		6	220
3172099	Veronica austriaca	Plantae	Magnoliopsida	0	0	0	0	0	0		6	220
3172327	Fraxinus americana	Plantae	Magnoliopsida	0	0	0	0	0	0		6	220
3172613	Catalpa ovata	Plantae	Magnoliopsida	0	0	0	0	0	0		6	220
3188711	Ammannia coccinea	Plantae	Magnoliopsida	0	0	0	0	0	0		6	220
3189807	Aesculus pavia	Plantae	Magnoliopsida	0	0	0	0	0	0		6	220
3189824	Aesculus flava	Plantae	Magnoliopsida	0	0	0	0	0	0		6	220
3190544	Rhus glabra	Plantae	Magnoliopsida	0	0	0	0	0	0		6	220
3586046	Gladiolus hortulanus	Plantae	Liliopsida	0	0	0	0	0	0		6	196
3633319	Tordylium maximum	Plantae	Magnoliopsida	0	0	0	0	0	0		6	220
3642531	Chaerophyllum aureum	Plantae	Magnoliopsida	0	0	0	0	0	0		6	220
3667721	Oenothera wratislaviensis	Plantae	Magnoliopsida	0	0	0	0	0	0		6	220
3693336	Rorippa anceps	Plantae	Magnoliopsida	0	0	0	0	0	0		6	220
3707631	Delosperma aberdeenense	Plantae	Magnoliopsida	0	0	0	0	0	0		6	220
3754587	Rodgersia podophylla	Plantae	Magnoliopsida	0	0	0	0	0	0		6	220
3826854	Erodium manescavi	Plantae	Magnoliopsida	0	0	0	0	0	0		6	220
3829143	Erodium stephanianum	Plantae	Magnoliopsida	0	0	0	0	0	0		6	220
4067281	Symphytum hidcotense	Plantae	Magnoliopsida	0	0	0	0	0	0		6	220
4083707	Verbena aristigera	Plantae	Magnoliopsida	0	0	0	0	0	0		6	220
4094511	Campsis grandiflora	Plantae	Magnoliopsida	0	0	0	0	0	0		6	220
4097656	Alnus spaethii	Plantae	Magnoliopsida	0	0	0	0	0	0		6	220
4114348	Phyllostachys sulphurea	Plantae	Liliopsida	0	0	0	0	0	0		6	196
4121360	Secale derzhavinii	Plantae	Liliopsida	0	0	0	0	0	0		6	196
4125930	Agropogon lutosus	Plantae	Liliopsida	0	0	0	0	0	0		6	196
4127352	Sasaella ramosa	Plantae	Liliopsida	0	0	0	0	0	0		6	196
4273336	Amsinckia menziesii intermedia	Plantae	Magnoliopsida	0	0	0	0	0	0		6	220
4283395	Diadumene lineata	Animalia	Anthozoa	0	0	0	0	0	0		1	206
4314702	Monocorophium sextonae	Animalia	Malacostraca	0	0	0	0	0	0		1	229
4344674	Dendrocoelum romanodanubiale	Animalia		0	0	0	0	0	0		1	
4366527	Hexaplex cichoreum	Animalia	Gastropoda	0	0	0	0	0	0		1	225
4410088	Quistadrilus multisetosus	Animalia	Clitellata	0	0	0	0	0	0		1	255
4416920	Synurella ambulans	Animalia	Malacostraca	0	0	0	0	0	0		1	229
4417132	Chaetogammarus trichiatus	Animalia	Malacostraca	0	0	0	0	0	0		1	229
4496869	Neuroterus saliens	Animalia	Insecta	0	0	0	0	0	0		1	216
4497120	Andricus corruptrix	Animalia	Insecta	0	0	0	0	0	0		1	216
4535888	Bucculatrix chrysanthemella	Animalia	Insecta	0	0	0	0	0	0		1	216
4925890	Acer tataricum ginnala	Plantae	Magnoliopsida	0	0	0	0	0	0		6	220
4932232	Dactylis glomerata lobata	Plantae	Liliopsida	0	0	0	0	0	0		6	196
5151589	Blatta orientalis	Animalia	Insecta	0	0	0	0	0	0		1	216
5152536	Gastrodes abietum	Animalia	Insecta	0	0	0	0	0	0		1	216
5177089	Jaera istri	Animalia	Malacostraca	0	0	0	0	0	0		1	229
5177825	Incisocalliope aestuarius	Animalia	Malacostraca	0	0	0	0	0	0		1	229
5219380	Mephitis mephitis	Animalia	Mammalia	0	0	0	0	0	0		1	359
5219681	Sciurus carolinensis	Animalia	Mammalia	0	0	0	0	0	0		1	359
5219683	Sciurus niger	Animalia	Mammalia	0	0	0	0	0	0		1	359
5219702	Cavia porcellus	Animalia	Mammalia	0	0	0	0	0	0		1	359
5227966	Lophura nycthemera	Animalia	Aves	0	0	0	0	0	0		1	212
5227993	Lophura leucomelanos	Animalia	Aves	0	0	0	0	0	0		1	212
5229154	Scopus umbretta	Animalia	Aves	0	0	0	0	0	0		1	212
5230862	Passerina caerulea	Animalia	Aves	0	0	0	0	0	0		1	212
5232422	Chloephaga melanoptera	Animalia	Aves	0	0	0	0	0	0		1	212
5232445	Branta sandvicensis	Animalia	Aves	0	0	0	0	0	0		1	212
5232465	Plectropterus gambensis	Animalia	Aves	0	0	0	0	0	0		1	212
5250069	Thecaphora oxalidis	Fungi	Ustilaginomycetes	0	0	0	0	0	0		5	148
5274861	Salvinia auriculata	Plantae	Polypodiopsida	0	0	0	0	0	0		6	7228684
5275404	Pteris cretica	Plantae	Polypodiopsida	0	0	0	0	0	0		6	7228684
5285074	Pinus wallichiana	Plantae	Pinopsida	0	0	0	0	0	0		6	194
5285385	Pinus mugo	Plantae	Pinopsida	0	0	0	0	0	0		6	194
5285750	Pinus contorta	Plantae	Pinopsida	0	0	0	0	0	0		6	194
5289746	Phalaris aquatica	Plantae	Liliopsida	0	0	0	0	0	0		6	196
5289764	Gastridium ventricosum	Plantae	Liliopsida	0	0	0	0	0	0		6	196
5295375	Smilax rotundifolia	Plantae	Liliopsida	0	0	0	0	0	0		6	196
5300102	Gagea pratensis	Plantae	Liliopsida	0	0	0	0	0	0		6	196
5333354	Leucothoe fontanesiana	Plantae	Magnoliopsida	0	0	0	0	0	0		6	220
5334247	Lonicera etrusca	Plantae	Magnoliopsida	0	0	0	0	0	0		6	220
5341394	Perilla frutescens	Plantae	Magnoliopsida	0	0	0	0	0	0		6	220
5359411	Trifolium pallidum	Plantae	Magnoliopsida	0	0	0	0	0	0		6	220
5361944	Broussonetia papyrifera	Plantae	Magnoliopsida	0	0	0	0	0	0		6	220
5367186	Potentilla rivalis	Plantae	Magnoliopsida	0	0	0	0	0	0		6	220
5367214	Potentilla nepalensis	Plantae	Magnoliopsida	0	0	0	0	0	0		6	220
5391810	Bidens vulgata	Plantae	Magnoliopsida	0	0	0	0	0	0		6	220
5392270	Cichorium pumilum	Plantae	Magnoliopsida	0	0	0	0	0	0		6	220
5402363	Dimorphotheca pluvialis	Plantae	Magnoliopsida	0	0	0	0	0	0		6	220
5410210	Campanula fenestrellata	Plantae	Magnoliopsida	0	0	0	0	0	0		6	220
5411392	Campanula lactiflora	Plantae	Magnoliopsida	0	0	0	0	0	0		6	220
5414959	Collinsia heterophylla	Plantae	Magnoliopsida	0	0	0	0	0	0		6	220
5414976	Bellardia trixago	Plantae	Magnoliopsida	0	0	0	0	0	0		6	220
5415053	Forsythia viridissima	Plantae	Magnoliopsida	0	0	0	0	0	0		6	220
5421385	Sarracenia rubra	Plantae	Magnoliopsida	0	0	0	0	0	0		6	220
5422556	Undaria pinnatifida	Chromista	Phaeophyceae	0	0	0	0	0	0		4	7073593
5584611	Silene chalcedonica	Plantae	Magnoliopsida	0	0	0	0	0	0		6	220
5617467	Alcea rugosa	Plantae	Magnoliopsida	0	0	0	0	0	0		6	220
5640518	Primula florindae	Plantae	Magnoliopsida	0	0	0	0	0	0		6	220
5646410	Blumenbachia hieronymi	Plantae	Magnoliopsida	0	0	0	0	0	0		6	220
5652131	Polygonum aviculare rurivagum	Plantae	Magnoliopsida	0	0	0	0	0	0		6	220
5686494	Decaisnea insignis	Plantae	Magnoliopsida	0	0	0	0	0	0		6	220
5690814	Sedum lydium	Plantae	Magnoliopsida	0	0	0	0	0	0		6	220
5739357	Iduna rama	Animalia	Aves	0	0	0	0	0	0		1	212
5786666	Hydrochoerus hydrochaeris	Animalia	Mammalia	0	0	0	0	0	0		1	359
5892120	Girardia tigrina	Animalia		0	0	0	0	0	0		1	
6026665	Torilis africana	Plantae	Magnoliopsida	0	0	0	0	0	0		6	220
6076957	Pulicaria arabica hispanica	Plantae	Magnoliopsida	0	0	0	0	0	0		6	220
6091856	Sturnia sinensis	Animalia	Aves	0	0	0	0	0	0		1	212
6101013	Chloris spinoides	Animalia	Aves	0	0	0	0	0	0		1	212
6157050	Graptemys pseudogeographica kohnii	Animalia	Testudines	0	0	0	0	0	0		1	11418114
6159223	Lacerta agilis	Animalia	Squamata	0	0	0	0	0	0		1	11592253
6159273	Lacerta viridis	Animalia	Squamata	0	0	0	0	0	0		1	11592253
6161340	Natrix maura	Animalia	Squamata	0	0	0	0	0	0		1	11592253
6313051	Triticum turgidum durum	Plantae	Liliopsida	0	0	0	0	0	0		6	196
6709291	Reynoutria compacta	Plantae	Magnoliopsida	0	0	0	0	0	0		6	220
7153734	Papaver commutatum	Plantae	Magnoliopsida	0	0	0	0	0	0		6	220
7230699	Pinus nigra nigra	Plantae	Pinopsida	0	0	0	0	0	0		6	194
7277106	Helleborus lividus	Plantae	Magnoliopsida	0	0	0	0	0	0		6	220
7303117	Plantago sempervirens	Plantae	Magnoliopsida	0	0	0	0	0	0		6	220
7318448	Eryngium bourgatii	Plantae	Magnoliopsida	0	0	0	0	0	0		6	220
7322373	Oenothera issleri	Plantae	Magnoliopsida	0	0	0	0	0	0		6	220
7323906	Convolvulus tricolor tricolor	Plantae	Magnoliopsida	0	0	0	0	0	0		6	220
7339492	Rodgersia aesculifolia	Plantae	Magnoliopsida	0	0	0	0	0	0		6	220
7358948	Lasius neglectus	Animalia	Insecta	0	0	0	0	0	0		1	216
7461690	Phragmidium mexicanum	Fungi	Pucciniomycetes	0	0	0	0	0	0		5	270
7529533	Canna hybrida	Plantae	Liliopsida	0	0	0	0	0	0		6	196
7547256	Sinelobus vanhaareni	Animalia	Malacostraca	0	0	0	0	0	0		1	229
7823272	Ranunculus pensylvanicus	Plantae	Magnoliopsida	0	0	0	0	0	0		6	220
7878507	Erythranthe cuprea	Plantae	Magnoliopsida	0	0	0	0	0	0		6	220
8010581	Diplachne fusca	Plantae	Liliopsida	0	0	0	0	0	0		6	196
8014966	Falco biarmicus	Animalia	Aves	0	0	0	0	0	0		1	212
8022932	Plantago lagopus	Plantae	Magnoliopsida	0	0	0	0	0	0		6	220
8031875	Dasiphora davurica	Plantae	Magnoliopsida	0	0	0	0	0	0		6	220
8060423	Cercidiphyllum japonicum	Plantae	Magnoliopsida	0	0	0	0	0	0		6	220
8076173	Lysimachia monelli	Plantae	Magnoliopsida	0	0	0	0	0	0		6	220
8199647	Cichorium calvum Sch.Bip.	Plantae	Magnoliopsida	0	0	0	0	0	0		6	220
8212772	Symphoricarpos doorenbosii	Plantae	Magnoliopsida	0	0	0	0	0	0		6	220
8242349	Lonicera chrysantha	Plantae	Magnoliopsida	0	0	0	0	0	0		6	220
8255921	Pulvinaria floccifera	Animalia	Insecta	0	0	0	0	0	0		1	216
8265082	Monochamus sartor	Animalia	Insecta	0	0	0	0	0	0		1	216
8323119	Bidens triplinervia macrantha	Plantae	Magnoliopsida	0	0	0	0	0	0		6	220
8326061	Quercus coccinea	Plantae	Magnoliopsida	0	0	0	0	0	0		6	220
8335191	Oloptum miliaceum	Plantae	Liliopsida	0	0	0	0	0	0		6	196
8356787	Pourthiaea villosa	Plantae	Magnoliopsida	0	0	0	0	0	0		6	220
8381801	Dasiphora davurica mandshurica	Plantae	Magnoliopsida	0	0	0	0	0	0		6	220
8389446	Triticum turgidum dicoccum	Plantae	Liliopsida	0	0	0	0	0	0		6	196
8577467	Amaranthus tuberculatus	Plantae	Magnoliopsida	0	0	0	0	0	0		6	220
8602699	Lindernia procumbens	Plantae	Magnoliopsida	0	0	0	0	0	0		6	220
8741260	Macrosaccus robiniella	Animalia	Insecta	0	0	0	0	0	0		1	216
9405036	Spatula cyanoptera cyanoptera	Animalia	Aves	0	0	0	0	0	0		1	212
9691034	Phoenicopterus ruber	Animalia	Aves	0	0	0	0	0	0		1	212
10676000	Leuzea repens	Plantae	Magnoliopsida	0	0	0	0	0	0		6	220
10701161	Paramesotriton labiatus	Animalia	Amphibia	0	0	0	0	0	0		1	131
10933479	Haliclona xena	Animalia	Demospongiae	0	0	0	0	0	0		1	199
11055820	Hydrocharis laevigata	Plantae	Liliopsida	0	0	0	0	0	0		6	196
11141765	Tetramoera langmaidi	Animalia	Insecta	0	0	0	0	0	0		1	216
12262171	Colpodium pisidicum	Plantae	Liliopsida	0	0	0	0	0	0		6	196
