taxonKey	taxonName	kingdom	class	em_pts	mean_growth	year_2024_em_status_occupancyNatura2000_Brussels	year_2024_em_status_occsNatura2000_Brussels	year_2024_em_status_occupancy_Brussels	year_2024_em_status_occs_Brussels	year_2023_em_status_occupancyNatura2000_Brussels	year_2023_em_status_occsNatura2000_Brussels	year_2023_em_status_occupancy_Brussels	year_2023_em_status_occs_Brussels	year_2022_em_status_occupancyNatura2000_Brussels	year_2022_em_status_occsNatura2000_Brussels	year_2022_em_status_occupancy_Brussels	year_2022_em_status_occs_Brussels	clasKey
8012439	Symphoricarpos albus (L.) K.Koch	Plantae	Magnoliopsida	72	1.4321350923340204	3	3	3	3	3	3	3	3	3	3	3	3	220
2702808	Echinochloa crus-galli (L.) P.Beauv.	Plantae	Liliopsida	72	1.4198840467321223	3	3	3	3	3	3	3	3	3	3	3	3	196
3021850	Prunus serotina Ehrh.	Plantae	Magnoliopsida	72	1.345613748392048	3	3	3	3	3	3	3	3	3	3	3	3	220
3122924	Pilosella aurantiaca (L.) F.W.Schultz & Sch.Bip.	Plantae	Magnoliopsida	72	1.3305567521623538	3	3	3	3	3	3	3	3	3	3	3	3	220
2890122	Geranium pyrenaicum Burm.f.	Plantae	Magnoliopsida	72	1.327052967462984	3	3	3	3	3	3	3	3	3	3	3	3	220
5333294	Castanea sativa Mill.	Plantae	Magnoliopsida	72	1.278880013146794	3	3	3	3	3	3	3	3	3	3	3	3	220
3146683	Erigeron sumatrensis Retz.	Plantae	Magnoliopsida	72	1.2736642095507236	3	3	3	3	3	3	3	3	3	3	3	3	220
2702084	Juncus tenuis Willd.	Plantae	Liliopsida	72	1.2303729931533551	3	3	3	3	3	3	3	3	3	3	3	3	196
5365717	Potentilla indica (Andrews) Th.Wolf	Plantae	Magnoliopsida	72	1.2147766285477861	3	3	3	3	3	3	3	3	3	3	3	3	220
3146791	Erigeron canadensis L.	Plantae	Magnoliopsida	72	1.1989149504614292	3	3	3	3	3	3	3	3	3	3	3	3	220
5330661	Arum italicum Mill.	Plantae	Liliopsida	72	1.1964195727672595	3	3	3	3	3	3	3	3	3	3	3	3	196
3117449	Erigeron annuus (L.) Pers.	Plantae	Magnoliopsida	72	1.1468817053413116	3	3	3	3	3	3	3	3	3	3	3	3	220
5304294	Hyacinthoides ×massartiana Geerinck	Plantae	Liliopsida	72	1.1462891134489823	3	3	3	3	3	3	3	3	3	3	3	3	196
9151957	Medicago sativa L.	Plantae	Magnoliopsida	72	1.133809808138231	3	3	3	3	3	3	3	3	3	3	3	3	220
5389017	Solidago gigantea Aiton	Plantae	Magnoliopsida	72	1.1322998719545827	3	3	3	3	3	3	3	3	3	3	3	3	220
2891782	Impatiens parviflora DC.	Plantae	Magnoliopsida	72	1.0822969897757655	3	3	3	3	3	3	3	3	3	3	3	3	220
5289972	Digitaria sanguinalis (L.) Scop.	Plantae	Liliopsida	72	1.027100148001473	3	3	3	3	3	3	3	3	3	3	3	3	196
3147168	Erigeron karvinskianus DC.	Plantae	Magnoliopsida	70	1.420924466092274	3	3	3	3	3	3	2	3	3	3	3	3	220
1311477	Vespa velutina Lepeletier, 1836	Animalia	Insecta	70		3	3	3	2	3	3	3	3	3	3	3	3	216
3082244	Cornus sericea L.	Plantae	Magnoliopsida	69.5	1.2976500857521982	3	3	3	3	2	3	3	3	3	3	3	3	220
3173338	Buddleja davidii Franch.	Plantae	Magnoliopsida	68	1.1791651735657693	3	3	3	3	3	3	3	3	1	3	3	3	220
2153287	Zoropsis spinimana (Dufour, 1820)	Animalia	Arachnida	68		3	3	3	3	3	2	3	3	2	3	3	3	367
5410411	Campanula portenschlagiana Schult.	Plantae	Magnoliopsida	67.5	1.2261201366435646	3	3	3	3	2	3	3	3	2	3	3	3	220
6098843	Ctenolepisma longicaudatum Escherich, 1905	Animalia	Insecta	66.5	1.5901448492005117	2	2	3	3	3	3	3	3	3	3	3	3	216
3172077	Veronica persica Poir.	Plantae	Magnoliopsida	66	1.2061535222600757	1	3	3	3	3	3	3	3	3	3	3	3	220
3132570	Galinsoga parviflora Cav.	Plantae	Magnoliopsida	65	1.3614120221166814	3	3	3	3	1	3	3	3	2	3	3	3	220
1749449	Cameraria ohridella Deschka & Dimić, 1986	Animalia	Insecta	64		3	3	2	2	3	3	2	2	3	3	3	3	216
2888740	Centranthus ruber (L.) DC.	Plantae	Magnoliopsida	63	1.2541417690277443	2	2	3	3	3	3	3	3	2	2	3	3	220
2479407	Myiopsitta monachus (Boddaert, 1783)	Animalia	Aves	63	0.9534184685891087	3	3	3	1	3	3	3	1	3	3	3	1	212
4565039	Hygromia cinctella (Draparnaud, 1801)	Animalia	Gastropoda	63	0.6626030310012319	3	3	3	1	3	3	3	1	3	3	3	1	225
5189806	Physella acuta (Draparnaud, 1805)	Animalia	Gastropoda	62		2	2	2	2	3	3	3	3	3	3	3	3	225
2037925	Orientus ishidae (Matsumura, 1902)	Animalia	Insecta	61	1.2623387335168654	2	2	3	3	3	2	3	3	2	2	3	3	216
5352251	Robinia pseudoacacia L.	Plantae	Magnoliopsida	61	1.1317782269577015	1	3	3	3	1	3	3	3	3	3	3	3	220
1047536	Leptinotarsa decemlineata (Say, 1824)	Animalia	Insecta	61	1.0452673792057008	3	3	3	1	3	3	3	3	1	1	3	3	216
3047621	Sinapis alba L.	Plantae	Magnoliopsida	60.5	1.2755418425797727	2	2	2	3	3	3	3	3	2	2	3	3	220
3042291	Hesperis matronalis L.	Plantae	Magnoliopsida	60.5	1.2387800050165592	2	2	2	3	3	3	3	3	2	2	3	3	220
2041682	Graphocephala fennahi Young, 1977	Animalia	Insecta	60	1.3729164180129532	2	2	3	3	2	2	3	3	2	3	3	3	216
3103791	Matricaria discoidea DC.	Plantae	Magnoliopsida	60	1.2636697085692863	3	1	3	3	3	1	3	3	3	1	3	3	220
5373324	Lunaria annua L.	Plantae	Magnoliopsida	60	1.1639567561092017	3	1	3	3	3	1	3	3	3	1	3	3	220
5289684	Setaria viridis (L.) P.Beauv.	Plantae	Liliopsida	60	1.1041301843461606	3	1	3	3	3	1	3	3	3	1	3	3	196
2926130	Pentaglottis sempervirens (L.) Tausch ex L.H.Bailey	Plantae	Magnoliopsida	60	1.0954874875351766	3	1	3	3	3	1	3	3	3	1	3	3	220
3034825	Heracleum mantegazzianum Sommier & Levier	Plantae	Magnoliopsida	60	1.043471839471905	3	3	1	3	3	3	1	3	3	3	1	3	220
5377060	Lepidium didymum L.	Plantae	Magnoliopsida	60	1.0377306312510954	3	1	3	3	3	1	3	3	3	1	3	3	220
5356517	Lathyrus latifolius L.	Plantae	Magnoliopsida	60	1.018066174350647	3	3	1	3	3	3	1	3	3	3	1	3	220
3602683	Papaver cambricum L.	Plantae	Magnoliopsida	60		3	3	3	3	3	3	3	3	1	1	1	1	220
4067302	Symphytum grandiflorum DC.	Plantae	Magnoliopsida	60		3	3	3	3	3	3	3	3	1	1	1	1	220
5392174	Bidens frondosa L.	Plantae	Magnoliopsida	59.5	1.0232303871595174	3	3	3	3	1	1	3	3	2	2	3	3	220
5376648	Lepidium virginicum L.	Plantae	Magnoliopsida	59	1.0779694885564235	2	3	3	3	2	2	3	3	1	2	3	3	220
3085381	Polycarpon tetraphyllum (L.) L.	Plantae	Magnoliopsida	58.5	1.107923600795093	3	3	1	3	3	3	1	3	3	2	1	3	220
2930137	Solanum lycopersicum L.	Plantae	Magnoliopsida	58.5	1.100959556267291	2	2	3	3	2	2	3	3	2	2	3	3	220
2890502	Geranium endressii J.Gay	Plantae	Magnoliopsida	57.5	1.0670106466987852	3	1	3	3	2	1	3	3	3	1	3	3	220
2888625	Viburnum rhytidophyllum Hemsl. ex Forbes & Hemsl.	Plantae	Magnoliopsida	57.5		2	2	2	2	3	2	3	3	3	3	2	2	220
5341201	Anchusa officinalis L.	Plantae	Magnoliopsida	57.5		3	3	3	3	1	3	3	3	1	1	2	2	220
3109086	Senecio inaequidens DC.	Plantae	Magnoliopsida	57	1.4545155356989685	1	3	3	3	1	3	3	3	1	3	3	3	220
5341501	Melissa officinalis L.	Plantae	Magnoliopsida	57	1.185612133348197	1	3	3	3	1	3	3	3	1	3	3	3	220
8298495	Galinsoga quadriradiata Ruiz & Pav.	Plantae	Magnoliopsida	57	1.1413890287715922	1	3	3	3	1	3	3	3	1	3	3	3	220
3021496	Prunus laurocerasus L.	Plantae	Magnoliopsida	57	1.074328250077624	1	3	3	3	1	3	3	3	1	3	3	3	220
8427624	Oxalis corniculata L.	Plantae	Magnoliopsida	57	1.0622282410904256	1	3	3	3	1	3	3	3	1	3	3	3	220
2971095	Melilotus albus Medik.	Plantae	Magnoliopsida	57	1.0605378545428579	1	3	3	3	1	3	3	3	1	3	3	3	220
3040185	Populus ×canescens (Aiton) Sm.	Plantae	Magnoliopsida	57	1.0475566829965015	2	1	3	3	3	1	3	3	3	1	3	3	220
3067119	Euphorbia maculata L.	Plantae	Magnoliopsida	56	1.2727156864288016	3	3	3	3	1	1	3	3	1	1	3	3	220
7795888	Triticum aestivum L.	Plantae	Liliopsida	56	1.1956899539673567	2	2	3	3	1	1	3	3	3	2	3	3	196
5289906	Rostraria cristata (L.) Tzvelev	Plantae	Liliopsida	56	1.149866605694135	3	3	3	3	1	1	3	3	1	1	3	3	196
3190538	Rhus typhina L.	Plantae	Magnoliopsida	56	1.1128281274038483	3	3	3	3	1	1	3	3	1	1	3	3	220
3172118	Veronica longifolia L.	Plantae	Magnoliopsida	56		2	3	3	3	2	2	3	3	1	1	2	3	220
3189866	Acer negundo L.	Plantae	Magnoliopsida	55.5	1.1019987884035352	3	1	3	3	2	1	3	3	2	1	3	3	220
5373358	Lobularia maritima (L.) Desv.	Plantae	Magnoliopsida	54.5	1.070069405752555	2	1	3	3	2	1	3	3	3	1	3	3	220
2925514	Verbena bonariensis L.	Plantae	Magnoliopsida	54	1.165763677331522	3	3	1	3	2	3	1	3	2	2	1	3	220
2889173	Reynoutria japonica Houtt.	Plantae	Magnoliopsida	54	1.0439511206075547	1	3	1	3	3	3	1	3	3	3	1	3	220
8946295	Pontastacus leptodactylus (Eschscholtz, 1823)	Animalia	Malacostraca	54		2	2	2	2	2	2	2	2	3	3	3	3	229
2753146	Lilium martagon L.	Plantae	Liliopsida	53.5		3	3	2	3	1	1	1	1	3	3	3	3	196
3170823	Paulownia tomentosa (Thunb.) Steud.	Plantae	Magnoliopsida	53	1.465010966138784	3	3	1	3	3	3	1	3	1	1	1	3	220
3032698	Tellima grandiflora (Pursh) Douglas ex Lindl.	Plantae	Magnoliopsida	53	1.0603940676345658	3	1	3	3	1	1	3	3	2	1	3	3	220
8200663	Cymbalaria muralis G.Gaertn., B.Mey. & Scherb.	Plantae	Magnoliopsida	53	1.0149705305026169	1	3	3	1	1	3	3	3	1	3	3	3	220
4486243	Oxycarenus lavaterae (Fabricius, 1787)	Animalia	Insecta	53		3	3	3	3	1	1	3	1	1	1	3	3	216
2876607	Alnus cordata (Loisel.) Duby	Plantae	Magnoliopsida	52.5	1.0537053282741504	2	2	1	3	3	2	1	3	3	3	1	3	220
2928751	Datura stramonium L.	Plantae	Magnoliopsida	52.5	1.0466457474659574	2	1	3	3	2	1	3	3	2	1	3	3	220
3041022	Armoracia rusticana P.Gaertn., B.Mey. & Scherb.	Plantae	Magnoliopsida	52.5	1.0237548222548465	2	3	1	3	2	3	1	3	2	3	1	3	220
2890287	Geranium nodosum L.	Plantae	Magnoliopsida	52.5	0.6097720047676668	3	3	2	1	2	2	2	1	3	3	2	1	220
3066965	Euphorbia lathyris L.	Plantae	Magnoliopsida	51	0.85629182725124	3	1	3	1	3	1	3	1	3	1	3	1	220
5156102	Leptoglossus occidentalis Heidemann, 1910	Animalia	Insecta	51	0.7078973112076741	3	1	3	1	3	1	3	1	3	1	3	1	216
7346102	Erythranthe guttata (DC.) G.L.Nesom	Plantae	Magnoliopsida	51	0.7056698692746602	3	1	3	1	3	1	3	1	3	1	3	1	220
2855398	Galanthus elwesii Hook.f.	Plantae	Liliopsida	51		3	3	3	3	1	1	3	3	1	1	1	1	196
2926992	Salvia hispanica L.	Plantae	Magnoliopsida	51		3	3	3	3	1	1	3	3	1	1	1	1	220
5341497	Nepeta racemosa Lam.	Plantae	Magnoliopsida	51		3	3	3	3	1	1	3	3	1	1	1	1	220
5415012	Linaria purpurea (L.) Mill.	Plantae	Magnoliopsida	50.5		2	2	3	3	1	1	1	1	3	3	3	3	220
5334351	Fallopia baldschuanica (Regel) Holub	Plantae	Magnoliopsida	50	1.0278295881079142	3	3	2	3	1	1	2	3	1	1	2	3	220
5290052	Zea mays L.	Plantae	Liliopsida	50		3	3	3	3	1	1	2	2	1	1	2	2	196
3152861	Liriodendron tulipifera L.	Plantae	Magnoliopsida	49		3	3	3	3	1	1	1	1	1	1	3	3	220
3033227	Eranthis hyemalis (L.) Salisb.	Plantae	Magnoliopsida	48.5	0.8322067860174399	2	2	2	1	2	2	2	1	3	3	3	1	220
3033865	Mahonia aquifolium (Pursh) Nutt.	Plantae	Magnoliopsida	48	1.1950588408938863	3	1	1	3	3	1	1	3	3	1	1	3	220
2020655	Corythucha ciliata (Say, 1832)	Animalia	Insecta	48	1.082752466136094	1	2	2	1	1	1	3	3	3	3	3	3	216
2888513	Pseudofumaria lutea (L.) Borkh.	Plantae	Magnoliopsida	48	0.9477623301842061	1	3	3	1	1	3	3	1	1	3	3	1	220
3034915	Astrantia major L.	Plantae	Magnoliopsida	48		3	3	3	3	1	3	1	1	1	1	1	1	220
2890541	Geranium purpureum Vill.	Plantae	Magnoliopsida	47.5	1.3257903451631392	2	2	1	3	3	3	1	3	1	1	1	3	220
2747564	Crocus tommasinianus Herb.	Plantae	Liliopsida	47.5		2	2	2	1	2	2	2	3	2	2	2	2	196
5371702	Nigella damascena L.	Plantae	Magnoliopsida	47.5		3	3	2	2	1	1	2	2	2	2	1	2	220
8373355	Artemisia annua L.	Plantae	Magnoliopsida	47	0.9358607681325374	3	3	3	1	1	1	3	1	1	1	3	1	220
2928761	Nicotiana alata Link & Otto	Plantae	Magnoliopsida	47		3	3	1	1	1	1	1	1	3	3	3	3	220
3188894	Oenothera glazioviana Micheli	Plantae	Magnoliopsida	46.5	1.2302052204461897	2	0	3	3	2	0	3	3	2	0	3	3	220
2855860	Allium schoenoprasum L.	Plantae	Liliopsida	46.5	1.051821829253335	2	2	1	3	2	2	1	3	2	2	1	3	196
2873861	Linum usitatissimum L.	Plantae	Magnoliopsida	46.5	1.023370420369542	2	0	3	3	2	0	3	3	2	0	3	3	220
3021922	Prunus cerasus L.	Plantae	Magnoliopsida	46.5	1.0228811605925074	2	2	1	3	2	2	1	3	2	2	1	3	220
3034922	Foeniculum vulgare Mill.	Plantae	Magnoliopsida	46.5	0.8919684225700242	3	1	3	1	2	1	3	1	2	1	3	1	220
3054357	Juglans nigra L.	Plantae	Magnoliopsida	46.5	0.8392788715889072	3	1	3	1	2	1	3	1	2	1	3	1	220
2747567	Crocus vernus (L.) Hill	Plantae	Liliopsida	46.5		3	3	3	3	1	1	1	1	1	1	2	2	196
5374672	Barbarea verna (Mill.) Asch.	Plantae	Magnoliopsida	46.5		2	3	2	3	2	2	2	2	1	1	1	1	220
7291264	Bistorta amplexicaulis (D.Don) Greene	Plantae	Magnoliopsida	46.5		3	3	3	3	1	1	1	1	1	1	2	2	220
7844167	Colutea arborescens L.	Plantae	Magnoliopsida	46	0.748461521321675	2	3	2	1	2	3	2	1	1	1	3	1	220
3084719	Portulaca oleracea L.	Plantae	Magnoliopsida	45.5	1.1880554577618199	3	1	1	3	2	1	1	3	3	1	1	3	220
5410151	Campanula poscharskyana Degen	Plantae	Magnoliopsida	45.5	0.9389460884642734	3	3	3	1	1	1	2	1	1	1	2	3	220
5341754	Nicandra physalodes (L.) Gaertn.	Plantae	Magnoliopsida	45.5	0.9386309212636161	1	1	2	1	3	2	2	1	3	3	3	1	220
2880539	Quercus rubra L.	Plantae	Magnoliopsida	45	1.2264253970298562	1	3	1	3	1	3	1	3	1	3	1	3	220
3190653	Ailanthus altissima (Mill.) Swingle	Plantae	Magnoliopsida	45	1.1371282614788323	1	3	1	3	1	3	1	3	1	3	1	3	220
3118430	Tanacetum parthenium (L.) Sch.Bip.	Plantae	Magnoliopsida	45	1.0995057924478517	1	1	3	3	1	1	3	3	1	1	3	3	220
3172291	Ligustrum ovalifolium Hassk.	Plantae	Magnoliopsida	45	1.0862390848040515	1	3	1	3	1	3	1	3	1	3	1	3	220
2855356	Galanthus nivalis L.	Plantae	Liliopsida	45	1.0626181204966836	1	1	3	3	1	1	3	3	1	1	3	3	196
3085360	Saponaria officinalis L.	Plantae	Magnoliopsida	45	1.048040956051385	1	1	3	3	1	1	3	3	1	1	3	3	220
3031774	Mespilus germanica L.	Plantae	Magnoliopsida	45	1.0314649644915814	1	1	3	3	1	1	3	3	1	1	3	3	220
3021730	Prunus cerasifera Ehrh.	Plantae	Magnoliopsida	45	0.9735290684923616	1	1	3	1	3	1	3	1	3	1	3	1	220
2888439	Papaver somniferum L.	Plantae	Magnoliopsida	45	0.8994960971865781	2	2	3	1	1	1	3	1	2	2	3	1	220
2964355	Lupinus polyphyllus Lindl.	Plantae	Magnoliopsida	45	0.8657126788819952	2	2	2	1	2	2	2	1	2	3	2	1	220
4989904	Harmonia axyridis (Pallas, 1773)	Animalia	Insecta	44	1.0444255689430668	3	1	1	1	3	1	1	3	3	1	1	3	216
3003244	Rosa multiflora Thunb.	Plantae	Magnoliopsida	44		1	3	2	3	1	1	2	2	1	1	3	3	220
5406789	Alcea rosea L.	Plantae	Magnoliopsida	43.5	1.3816060250139583	2	0	1	3	3	0	1	3	3	3	1	3	220
5389173	Telekia speciosa (Schreb.) Baumg.	Plantae	Magnoliopsida	43.5	1.0111800320298103	1	1	3	1	2	1	3	3	1	1	3	3	220
8193111	Melilotus officinalis (L.) Lam.	Plantae	Magnoliopsida	43.5	0.9932840263312918	2	1	3	1	2	1	3	1	2	1	3	1	220
3048203	Erysimum cheiri (L.) Crantz	Plantae	Magnoliopsida	43.5	0.9008012778547257	3	3	3	1	1	1	2	1	1	1	2	1	220
3084022	Phytolacca acinosa Roxb.	Plantae	Magnoliopsida	43.5	0.8273495573316888	3	3	2	0	1	1	2	0	3	2	3	0	220
2930262	Solanum tuberosum L.	Plantae	Magnoliopsida	43.5	0.7959785375153314	3	3	3	1	1	1	2	1	1	1	2	1	220
2891390	Geranium phaeum L.	Plantae	Magnoliopsida	43.5	0.7663467210861722	2	1	3	1	2	1	3	1	2	1	3	1	220
3028528	Alchemilla mollis (Buser) Rothm.	Plantae	Magnoliopsida	43	0.9730999049002909	2	1	3	1	1	1	3	1	3	1	3	1	220
2975667	Galega officinalis L.	Plantae	Magnoliopsida	43	0.7986029135114479	1	1	3	1	3	3	2	1	1	1	3	1	220
2495414	Columba livia J.F.Gmelin, 1789	Animalia	Aves	42	1.2896411783491746	3	0	1	3	3	0	1	3	3	0	1	3	212
1421091	Lepisma saccharinum Linnaeus, 1758	Animalia	Insecta	42	0.6703021022581681	1	1	2	1	3	3	2	1	1	3	2	1	216
2927305	Lavandula angustifolia Mill.	Plantae	Magnoliopsida	42	0.6227412287532114	3	2	3	2	1	1	1	2	1	1	1	2	220
5388595	Jacobaea maritima (L.) Pelser & Meijden	Plantae	Magnoliopsida	42		3	3	2	2	1	1	1	1	1	1	2	2	220
5229055	Psittacula eupatria (Linnaeus, 1766)	Animalia	Aves	41.5	0.9391748318006127	1	3	3	1	1	2	3	1	1	2	1	1	212
8190077	Populus ×canadensis Moench	Plantae	Magnoliopsida	41.5	0.8120176111313007	2	2	3	1	1	1	3	1	1	1	3	1	220
5369784	Geum macrophyllum Willd.	Plantae	Magnoliopsida	41.5		1	1	3	3	1	1	2	2	1	1	3	3	220
7127810	Cyclamen hederifolium Aiton	Plantae	Magnoliopsida	41	0.7257597344968889	2	1	2	1	2	1	2	1	3	1	3	1	220
3169708	Vinca major L.	Plantae	Magnoliopsida	41	0.7115972214871892	2	1	3	0	2	1	3	0	3	1	3	0	220
4532122	Cydalima perspectalis (Walker, 1859)	Animalia	Insecta	41	0.41385972685164824	2	1	2	0	3	2	3	0	2	2	2	0	216
3026294	Cotoneaster bullatus Bois ex Bilm. & Bois	Plantae	Magnoliopsida	40.5	0.7304783239915296	2	2	2	1	1	1	2	1	2	2	3	1	220
8994150	Oenothera parviflora L.	Plantae	Magnoliopsida	40	1.007326930517342	1	1	3	3	1	1	3	1	1	1	3	1	220
2985965	Deutzia scabra Thunb.	Plantae	Magnoliopsida	40		2	2	2	2	1	1	1	1	2	2	2	2	220
3120284	Achillea filipendulina Lam.	Plantae	Magnoliopsida	39.5	0.6651972321447223	1	3	1	1	1	2	1	1	3	2	3	1	220
5361880	Cannabis sativa L.	Plantae	Magnoliopsida	39.5	0.5547050053345638	3	3	2	1	1	1	2	1	1	1	1	1	220
3012089	Sorbaria sorbifolia (L.) A.Braun	Plantae	Magnoliopsida	39.5	0.5346667820421367	2	2	2	0	1	1	2	0	3	3	3	0	220
5415455	Acanthus mollis L.	Plantae	Magnoliopsida	39.5		3	2	3	2	1	1	1	1	1	1	1	1	220
3686235	Staphylea pinnata L.	Plantae	Magnoliopsida	38		1	1	3	3	1	1	1	1	1	1	3	3	220
5374118	Isatis tinctoria L.	Plantae	Magnoliopsida	38		1	1	2	2	1	1	1	1	3	3	2	2	220
5391480	Calendula officinalis L.	Plantae	Magnoliopsida	37.5		1	1	2	2	1	1	1	1	3	1	3	3	220
8745918	Deroceras invadens Reise, Hutchinson, Schunack & Schlitt, 2011	Animalia	Gastropoda	37	0.5576824609159909	3	2	1	1	2	2	1	1	1	1	1	1	225
3027159	Spiraea douglasii Hook.	Plantae	Magnoliopsida	36.5		2	2	2	2	1	1	1	1	1	1	2	2	220
2891770	Impatiens glandulifera Royle	Plantae	Magnoliopsida	36	0.9810668873205723	1	1	3	1	1	1	3	1	1	1	3	1	220
3054368	Juglans regia L.	Plantae	Magnoliopsida	36	0.9233945872435034	1	1	3	1	1	1	3	1	1	1	3	1	220
5232437	Branta canadensis (Linnaeus, 1758)	Animalia	Aves	36	0.7728753073706371	3	0	3	0	2	0	3	0	2	0	3	0	212
2078852	Nezara viridula (Linnaeus, 1758)	Animalia	Insecta	36	0.5674633664681066	2	2	0	0	3	2	0	0	3	3	2	0	216
2986130	Ribes sanguineum Pursh	Plantae	Magnoliopsida	35.5	0.6699141391399479	2	2	2	1	1	1	2	1	1	1	2	1	220
2888380	Eschscholzia californica Cham.	Plantae	Magnoliopsida	35.5		1	1	1	2	1	1	1	2	3	3	1	2	220
5284950	Picea omorika (Pancic) Purk.	Plantae	Pinopsida	35		3	3	1	1	1	1	1	1	1	1	1	1	194
8002952	Ambrosia artemisiifolia L.	Plantae	Magnoliopsida	34	0.6647905374632921	2	2	1	1	2	2	1	1	1	1	1	1	220
2443002	Trachemys scripta (Thunberg In Schoepff, 1792)	Animalia	Testudines	34		2	2	2	2	1	1	1	1	1	1	1	1	11418114
2498034	Anser cygnoides (Linnaeus, 1758)	Animalia	Aves	34		2	2	1	1	1	1	1	1	2	3	0	2	212
3172347	Fraxinus ornus L.	Plantae	Magnoliopsida	34		1	1	1	1	1	2	1	2	1	2	3	3	220
5284884	Picea abies (L.) H.Karst.	Plantae	Pinopsida	34		2	2	2	2	1	1	1	1	1	1	1	1	194
5386938	Tragopogon porrifolius L.	Plantae	Magnoliopsida	34		2	2	2	2	1	1	1	1	1	1	1	1	220
8080743	Scilla siberica Andrews	Plantae	Liliopsida	33.5	0.9396248423313867	1	1	2	1	1	1	3	1	1	1	3	1	196
3169340	Lysimachia punctata L.	Plantae	Magnoliopsida	33.5	0.8806959534430288	2	1	1	1	2	1	1	1	3	1	1	1	220
2889373	Fagopyrum esculentum Moench	Plantae	Magnoliopsida	33.5	0.8673716313436021	2	1	1	1	2	1	1	1	3	1	1	1	220
6376340	Thalictrum aquilegiifolium L.	Plantae	Magnoliopsida	33.5		1	1	2	2	1	1	1	1	1	1	3	3	220
9188840	Epilobium ciliatum Raf.	Plantae	Magnoliopsida	33	1.2513476671276096	1	1	1	3	1	1	1	3	1	1	1	3	220
9823072	Oxalis stricta L.	Plantae	Magnoliopsida	33	1.1441019840612643	1	1	1	3	1	1	1	3	1	1	1	3	220
2986184	Ribes alpinum L.	Plantae	Magnoliopsida	33	1.0139896725301678	1	1	1	3	1	1	1	3	1	1	1	3	220
5384741	Silene coronaria (L.) Clairv.	Plantae	Magnoliopsida	33	0.9838435450065776	2	2	1	1	1	1	1	1	2	2	1	1	220
2932872	Solanum decipiens Opiz	Plantae	Magnoliopsida	33	0.9002759913397097	2	2	1	1	1	1	1	1	2	2	1	1	220
3026074	Cotoneaster salicifolius Franch.	Plantae	Magnoliopsida	33	0.7079746583383819	2	2	1	1	1	1	1	1	2	2	1	1	220
7540164	Arion vulgaris Moquin-Tandon, 1855	Animalia	Gastropoda	33	0.36366154650031945	2	2	1	0	1	1	1	1	3	2	1	1	225
2008616	Empicoris rubromaculatus (Blackburn, 1888)	Animalia	Insecta	32.5		3	2	1	1	1	1	1	1	1	1	1	1	216
3189837	Acer saccharinum L.	Plantae	Magnoliopsida	32.5		3	2	1	1	1	1	1	1	1	1	1	1	220
3053522	Berteroa incana (L.) DC.	Plantae	Magnoliopsida	32	1.043190262131871	2	0	1	3	1	0	1	3	2	0	1	3	220
6411098	Lamium galeobdolon subsp. argentatum (Smejkal) J.Duvign.	Plantae	Magnoliopsida	32	1.0100137755239118	1	1	1	1	1	1	1	3	1	1	3	3	220
2683866	Chamaecyparis lawsoniana (A.Murray bis) Parl.	Plantae	Pinopsida	32	0.4036962785468436	2	2	1	0	1	1	1	0	3	3	1	0	194
3188924	Oenothera biennis L.	Plantae	Magnoliopsida	31.5	0.9054039734473124	2	1	1	1	2	1	1	1	2	1	1	1	220
2926110	Borago officinalis L.	Plantae	Magnoliopsida	31.5	0.9038339587383337	1	0	3	1	1	0	3	1	1	1	3	1	220
7327990	Rhododendron ponticum L.	Plantae	Magnoliopsida	31.5	0.5300386715375831	2	1	1	1	2	1	1	1	2	1	1	1	220
1690429	Meconema meridionale Costa, 1860	Animalia	Insecta	31.5	0.45258643950302285	1	3	1	0	1	3	1	0	1	3	1	0	216
2687210	Tsuga heterophylla (Raf.) Sarg.	Plantae	Pinopsida	31		1	1	1	1	1	3	1	3	1	1	1	1	194
2498388	Aix galericulata (Linnaeus, 1758)	Animalia	Aves	30	0.999983402722388	1	3	0	1	1	3	0	1	1	3	0	1	212
2439261	Rattus norvegicus (Berkenhout, 1769)	Animalia	Mammalia	30	0.981854441828763	1	0	3	1	1	0	3	1	1	0	3	1	359
3128225	Centaurea nigra L.	Plantae	Magnoliopsida	29.5	0.9793824272504601	2	2	1	1	1	1	1	1	1	1	1	1	220
3152583	Hibiscus syriacus L.	Plantae	Magnoliopsida	29.5	0.37043989224093093	1	1	1	0	1	1	1	0	3	3	3	0	220
2889088	Reynoutria sachalinensis (F.Schmidt) Nakai	Plantae	Magnoliopsida	29	0.8841102885486894	2	1	1	1	1	1	1	1	2	1	1	1	220
8014163	Ambigolimax valentianus (A.Férussac, 1821)	Animalia	Gastropoda	29	0.27750102537978083	3	1	1	0	3	1	1	0	1	0	1	0	225
2705449	Eragrostis minor Host	Plantae	Liliopsida	28.5	0.9846094357204642	0	1	3	1	0	1	3	1	0	1	3	1	196
2703721	Bromus madritensis L.	Plantae	Liliopsida	28.5		1	1	2	2	1	1	1	1	1	1	1	1	196
3098912	Cosmos bipinnatus Cav.	Plantae	Magnoliopsida	28.5		1	1	1	1	1	1	1	1	2	2	1	2	220
3085438	Cerastium tomentosum L.	Plantae	Magnoliopsida	27	0.3798902082937217	2	2	0	0	2	2	0	0	2	2	0	0	220
5285637	Pinus sylvestris L.	Plantae	Pinopsida	25.5	0.8375412530430025	1	3	0	0	1	3	0	0	1	3	0	0	194
2995149	Rubus phoenicolasius Maxim.	Plantae	Magnoliopsida	25.5	0.35441999468732716	1	1	2	0	1	1	2	0	1	1	2	0	220
7443846	Dipsacus strigosus Willd.	Plantae	Magnoliopsida	25.5		1	1	1	1	1	1	1	2	1	1	1	1	220
2891079	Geranium macrorrhizum L.	Plantae	Magnoliopsida	25		1	1	1	1	1	1	1	1	1	1	1	2	220
3040233	Populus alba L.	Plantae	Magnoliopsida	24	0.9776527114651283	1	1	1	1	1	1	1	1	1	1	1	1	220
5389029	Solidago canadensis L.	Plantae	Magnoliopsida	24	0.9081190893817773	1	1	1	1	1	1	1	1	1	1	1	1	220
3172100	Veronica filiformis Sm.	Plantae	Magnoliopsida	24	0.8966343230239915	1	1	1	1	1	1	1	1	1	1	1	1	220
5376961	Lepidium draba L.	Plantae	Magnoliopsida	24	0.8761228549293375	1	1	1	1	1	1	1	1	1	1	1	1	220
5289744	Phalaris canariensis L.	Plantae	Liliopsida	24	0.8556315828568312	1	1	1	1	1	1	1	1	1	1	1	1	196
2437450	Tamias sibiricus (Laxmann, 1769)	Animalia	Mammalia	24	0.853974916473014	1	1	1	1	1	1	1	1	1	1	1	1	359
3189815	Aesculus hippocastanum L.	Plantae	Magnoliopsida	24	0.8477661096724068	1	1	1	1	1	1	1	1	1	1	1	1	220
3039203	Parthenocissus inserta (A.Kern.) Fritsch	Plantae	Magnoliopsida	24	0.716999167764581	1	1	1	1	1	1	1	1	1	1	1	1	220
2436940	Oryctolagus cuniculus (Linnaeus, 1758)	Animalia	Mammalia	24	0.6222078571706797	1	1	1	1	1	1	1	1	1	1	1	1	359
2426661	Pelophylax ridibundus (Pallas, 1771)	Animalia	Amphibia	24	0.5552747874771164	1	1	1	1	1	1	1	1	1	1	1	1	131
2986045	Philadelphus coronarius L.	Plantae	Magnoliopsida	24		1	1	1	1	1	1	1	1	1	1	1	1	220
4460066	Chrysolina americana (Linnaeus, 1758)	Animalia	Insecta	23	0.9648734359805766	1	0	1	1	1	0	1	1	1	0	3	3	216
2435035	Felis catus Linnaeus, 1758	Animalia	Mammalia	23	0.31161350907664714	2	0	1	1	2	0	2	0	1	0	1	0	359
2498252	Alopochen aegyptiaca (Linnaeus, 1766)	Animalia	Aves	22.5	0.9121072789312202	0	3	0	1	0	3	0	1	0	3	0	1	212
2498387	Aix sponsa (Linnaeus, 1758)	Animalia	Aves	22.5	0.4019480445467262	2	1	1	0	1	1	1	0	1	1	1	0	212
2928226	Phacelia tanacetifolia Benth.	Plantae	Magnoliopsida	21.5	0.8954939579866094	2	0	0	1	2	0	0	1	3	0	0	1	220
2479226	Psittacula krameri (Scopoli, 1769)	Animalia	Aves	19.5	1.1616383453637156	0	0	1	3	0	0	1	3	0	0	1	3	212
8288647	Pterocarya fraxinifolia (Poir.) Spach	Plantae	Magnoliopsida	19.5	0.592674641965904	1	1	0	1	1	1	0	1	1	2	0	1	220
2702727	Festuca myuros L.	Plantae	Liliopsida	18	0.8585068743304222	1	1	1	0	1	1	1	0	1	0	1	0	196
5415039	Syringa vulgaris L.	Plantae	Magnoliopsida	13.5	0.5197047478886505	1	0	1	0	1	0	1	0	1	0	1	0	220
5281901	Campylopus introflexus (Hedw.) Brid.	Plantae	Bryopsida	10.5	0.9235142823723429	0	1	0	1	0	1	0	1	0	1	0	1	327
9752149	Phasianus colchicus Linnaeus, 1758	Animalia	Aves	6	0.6474125261532189	0	0	1	0	0	0	1	0	0	0	1	0	212
5289756	Phalaris arundinacea L.	Plantae	Liliopsida	0	0.8434658582123706	0	0	0	0	0	0	0	0	0	0	0	0	196
8701771	Obama nungara Carbayo, Alvarez-Presas, Jones & Riutort, 2016	Animalia			1.5885663609035456			3	3			1	3			1	3	
2362030	Ctenopharyngodon idella (Valenciennes, 1844)	Animalia			1.472049477974735			3	3			3	3			3	3	
4129708	Lolium multiflorum Lam.	Plantae	Liliopsida		1.4238151862785615			3	3			3	3			3	3	196
4201607	Phedimus spurius (M.Bieb.) 't Hart	Plantae	Magnoliopsida		1.277675453851943			3	3			3	3			3	3	220
3172104	Veronica peregrina L.	Plantae	Magnoliopsida		1.2462391927734768			1	3			1	3			1	3	220
2479798	Melopsittacus undulatus (Shaw, 1805)	Animalia	Aves		1.2379478723715394			1	3			1	3			3	3	212
8911082	Amaranthus blitum L.	Plantae	Magnoliopsida		1.2102140217979664			3	3			3	3			3	3	220
3046812	Sisymbrium orientale L.	Plantae	Magnoliopsida		1.192142543815055			2	3			3	3			3	3	220
5289919	Polypogon viridis (Gouan) Breistr.	Plantae	Liliopsida		1.1819520493062567			3	3			3	3			3	3	196
5421180	Koelreuteria paniculata Laxm.	Plantae	Magnoliopsida		1.1764735319341495			3	3			1	3			2	3	220
5350005	Coronilla varia L.	Plantae	Magnoliopsida		1.171184566800947			3	3			3	3			3	3	220
5361909	Ficus carica L.	Plantae	Magnoliopsida		1.1517446312663735			3	3			3	3			3	3	220
7466434	Pastinaca sativa subsp. urens (Req. ex Godr.) Celak.	Plantae	Magnoliopsida		1.1343960611088189			1	3			3	3			3	3	220
3034182	Ammi majus L.	Plantae	Magnoliopsida		1.1234099541822007			2	3			2	3			1	3	220
3033077	Aucuba japonica Thunb.	Plantae	Magnoliopsida		1.1134854213297298			1	3			1	3			1	3	220
5289686	Setaria verticillata (L.) P.Beauv.	Plantae	Liliopsida		1.1033902789922547			3	3			3	3			3	3	196
3024109	Amelanchier ×lamarckii F.G.Schroed.	Plantae	Magnoliopsida		1.099414497656226			3	3			3	3			3	3	220
5384364	Amaranthus hybridus L.	Plantae	Magnoliopsida		1.073215719401435			3	3			3	3			3	3	220
5289693	Setaria pumila (Poir.) Roem. & Schult.	Plantae	Liliopsida		1.0373759439571884			3	3			3	3			3	3	196
6109535	Trifolium hybridum L.	Plantae	Magnoliopsida		1.031044824586662			3	3			3	3			3	3	220
5371808	Angelica archangelica L.	Plantae	Magnoliopsida		1.0255078921626164			3	3			2	3			2	3	220
4286975	Cyprinus carpio Linnaeus, 1758	Animalia			1.025082851976763			1	3			1	3			1	3	
2479977	Nymphicus hollandicus (Kerr, 1792)	Animalia	Aves		1.0056825978456776			1	1			1	1			1	1	212
3050595	Hirschfeldia incana (L.) Lagr.-Foss.	Plantae	Magnoliopsida		0.9955907725745418			1	1			1	1			1	1	220
5290177	Lagurus ovatus L.	Plantae	Liliopsida		0.9941870669149319			1	1			1	1			1	1	196
9148577	Alnus incana (L.) Moench	Plantae	Magnoliopsida		0.9853097781273074			3	1			3	1			3	1	220
2705090	Panicum miliaceum L.	Plantae	Liliopsida		0.9791557657278973			1	1			1	1			1	1	196
2705290	Avena sativa L.	Plantae	Liliopsida		0.9719655560667464			1	1			1	1			1	1	196
3053406	Rorippa austriaca (Crantz) Besser	Plantae	Magnoliopsida		0.9712182135437597			1	1			1	1			1	1	220
5329212	Elodea nuttallii (Planch.) H.St.John	Plantae	Liliopsida		0.9634157152952614			1	1			1	1			1	1	196
2705162	Panicum capillare L.	Plantae	Liliopsida		0.9606134549010318			3	1			3	1			3	1	196
8741260	Macrosaccus robiniella (Clemens, 1859)	Animalia	Insecta		0.9518835562850277			1	1			1	1			1	1	216
5367294	Potentilla recta L.	Plantae	Magnoliopsida		0.9514904118376949			3	1			2	1			2	1	220
3172001	Antirrhinum majus L.	Plantae	Magnoliopsida		0.9407259182914994			3	1			3	1			3	1	220
7111792	Lotus corniculatus subsp. corniculatus	Plantae	Magnoliopsida		0.9373839524252563			1	1			1	1			1	1	220
2988188	Pyracantha coccinea M.Roem.	Plantae	Magnoliopsida		0.9161898297900312			3	1			3	1			3	1	220
7903057	Brassica rapa L.	Plantae	Magnoliopsida		0.9150794918115644			2	1			1	1			1	1	220
2867614	Lemna minuta Kunth	Plantae	Liliopsida		0.9082456613405022			1	1			1	1			3	1	196
3003979	Rosa rugosa Thunb.	Plantae	Magnoliopsida		0.9011058968906122			3	1			3	1			3	1	220
3033896	Berberis thunbergii DC.	Plantae	Magnoliopsida		0.8915486987122587			1	1			1	1			1	1	220
3172615	Catalpa bignonioides Walter	Plantae	Magnoliopsida		0.8888890586648004			1	1			1	1			1	1	220
5373368	Rapistrum rugosum (L.) All.	Plantae	Magnoliopsida		0.8648462703710681			1	1			1	1			1	1	220
7400250	Platanus ×hispanica Mill. ex Münchh.	Plantae	Magnoliopsida		0.8612406713243456			1	1			1	1			1	1	220
2873991	Aristolochia clematitis L.	Plantae	Magnoliopsida		0.8543403122359321			3	1			2	1			2	1	220
2705401	Eragrostis multicaulis Steud.	Plantae	Liliopsida		0.8475548604274479			3	1			3	1			3	1	196
3046851	Sisymbrium irio L.	Plantae	Magnoliopsida		0.8410387119532651			3	1			2	1			2	1	220
2889019	Rumex patientia L.	Plantae	Magnoliopsida		0.8406928830944782			2	1			1	1			2	1	220
2703712	Bromus carinatus Hook. & Arn.	Plantae	Liliopsida		0.8337066355078441			0	0			0	0			0	0	196
3120790	Artemisia verlotiorum Lamotte	Plantae	Magnoliopsida		0.8190597922541034			1	1			1	1			1	1	220
4488821	Deraeocoris flavilinea (A.Costa, 1862)	Animalia	Insecta		0.8156148877747911			2	1			1	1			1	1	216
6109534	Amaranthus retroflexus L.	Plantae	Magnoliopsida		0.7987564567546166			1	1			1	1			1	1	220
3119175	Helianthus tuberosus L.	Plantae	Magnoliopsida		0.7953952148255835			1	1			1	1			1	1	220
3001244	Malus domestica (Suckow) Borkh.	Plantae	Magnoliopsida		0.7763159030047612			1	0			1	0			1	0	220
5408087	Lobelia erinus L.	Plantae	Magnoliopsida		0.7679925964490283			3	1			2	1			3	1	220
3042636	Brassica napus L.	Plantae	Magnoliopsida		0.7674812112118058			1	0			1	0			1	0	220
5362573	Pyrus communis L.	Plantae	Magnoliopsida		0.7361829764263187			1	1			1	1			1	0	220
7225471	Vicia villosa subsp. villosa	Plantae	Magnoliopsida		0.722680495230889			0	1			0	1			0	1	220
2703698	Bromus sitchensis Trin.	Plantae	Liliopsida		0.6650206244287198			1	0			1	0			1	0	196
10071055	Scandosorbus ×intermedia (Ehrh.) Sennikov	Plantae	Magnoliopsida		0.6546309165438468			1	1			1	1			1	1	220
2889934	Tropaeolum majus L.	Plantae	Magnoliopsida		0.6297228658018708			2	0			2	0			2	0	220
5598915	Lonicera pileata Oliv.	Plantae	Magnoliopsida		0.6185632362752187			1	1			2	1			2	1	220
2996525	Rubus armeniacus Focke	Plantae	Magnoliopsida		0.6131040877746993			0	1			0	1			0	1	220
2650107	Azolla filiculoides Lam.	Plantae	Polypodiopsida		0.5999552993567115			3	0			3	0			3	0	7228684
6157026	Trachemys scripta elegans (Wied, 1838)	Animalia	Testudines		0.563771482858935			0	0			0	0			0	0	11418114
2498344	Cygnus atratus (Latham, 1790)	Animalia	Aves		0.5454191061674627			1	1			1	1			1	1	212
3026162	Cotoneaster franchetii Boiss.	Plantae	Magnoliopsida		0.539665767428369			1	0			1	0			1	0	220
5371772	Levisticum officinale W.D.J.Koch	Plantae	Magnoliopsida		0.5201485853100496			2	0			2	0			3	0	220
6157035	Trachemys scripta troostii (Holbrook, 1836)	Animalia	Testudines		0.45787169042981096			0	0			0	0			0	0	11418114
2295442	Limacus flavus (Linnaeus, 1758)	Animalia	Gastropoda		0.3597174702244407			1	0			1	0			1	0	225
5359378	Trifolium incarnatum L.	Plantae	Magnoliopsida		0.35337085979399635			1	0			2	0			2	0	220
2498259	Aythya nyroca (Güldenstädt, 1770)	Animalia	Aves		0.2388808404019514			1	0			1	0			1	0	212
8599762	Aproceros leucopoda Takeuchi, 1939	Animalia	Insecta		0.22687519724744973			1	0			2	0			3	0	216
2706056	Hordeum vulgare L.	Plantae	Liliopsida		0.2006954539175761			2	0			1	0			2	0	196
1017419	Oxidus gracilis (C.L.Koch, 1847)	Animalia	Diplopoda					3	3			3	3			1	1	361
1309652	Dryocosmus kuriphilus Yasumatsu, 1951	Animalia	Insecta					3	3			1	1			1	1	216
1622658	Rhagoletis completa Cresson, 1929	Animalia	Insecta					3	3			3	2			1	1	216
1718308	Acheta domesticus (Linnaeus, 1758)	Animalia	Insecta					2	2			1	1			3	3	216
1932752	Cacyreus marshalli Butler, 1897	Animalia	Insecta					3	2			1	1			1	1	216
1997215	Blattella germanica (Linnaeus, 1767)	Animalia	Insecta					3	3			3	3			3	3	216
2020686	Stephanitis takeyai Drake & Maa, 1955	Animalia	Insecta					1	2			2	2			3	3	216
2038171	Opsius stactogalus Fieber, 1866	Animalia	Insecta					3	3			1	1			1	1	216
2095283	Pseudococcus longispinus (Targioni Tozzetti, 1867)	Animalia	Insecta					1	1			1	1			1	1	216
2157203	Steatoda nobilis (Thorell, 1875)	Animalia	Arachnida					1	1			1	1			1	1	367
2157245	Steatoda grossa (C.L.Koch, 1838)	Animalia	Arachnida					1	1			2	2			3	3	367
2164198	Cheiracanthium mildei L.Koch, 1864	Animalia	Arachnida					2	1			2	2			3	3	367
2225776	Eriocheir sinensis H.Milne Edwards, 1853	Animalia	Malacostraca					2	2			1	1			3	2	229
2294277	Theba pisana (O.F.Müller, 1774)	Animalia	Gastropoda					3	3			1	1			3	3	225
2362868	Pseudorasbora parva (Temminck & Schlegel, 1846)	Animalia						2	2			1	1			3	3	
2494303	Serinus canaria (Linnaeus, 1758)	Animalia	Aves					1	1			1	1			1	1	212
2650827	Cyrtomium fortunei J.Sm.	Plantae	Polypodiopsida					3	3			1	1			1	1	7228684
2684191	Taxodium distichum (L.) Rich.	Plantae	Pinopsida					3	2			1	1			1	1	194
2688189	Selaginella kraussiana (Kunze) A.Braun	Plantae	Lycopodiopsida					1	1			3	3			1	1	245
2705144	Panicum dichotomiflorum Michx.	Plantae	Liliopsida					3	3			1	1			1	1	196
2705181	Sorghum bicolor (L.) Moench	Plantae	Liliopsida					2	2			2	2			1	1	196
2705400	Eragrostis pilosa (L.) P.Beauv.	Plantae	Liliopsida					2	2			1	1			2	2	196
2705966	Secale cereale L.	Plantae	Liliopsida					3	3			1	1			1	1	196
2715482	Cyperus eragrostis Lam.	Plantae	Liliopsida					3	3			3	3			3	3	196
2747939	Crocosmia ×crocosmiiflora (Lemoine) N.E.Br.	Plantae	Liliopsida					3	3			1	1			1	1	196
2765156	Tradescantia fluminensis Vell.	Plantae	Liliopsida					3	3			2	3			1	1	196
2775619	Yucca gloriosa L.	Plantae	Liliopsida					3	3			1	1			1	1	196
2781074	Hemerocallis fulva (L.) L.	Plantae	Liliopsida					2	2			1	1			2	2	196
2876049	Corylus maxima Mill.	Plantae	Magnoliopsida					2	2			1	1			1	1	220
2880580	Quercus cerris L.	Plantae	Magnoliopsida					3	3			1	1			1	1	220
2888585	Viburnum tinus L.	Plantae	Magnoliopsida					1	1			1	1			1	1	220
2888814	Dipsacus laciniatus L.	Plantae	Magnoliopsida					1	2			1	2			1	1	220
2890035	Geranium ×oxonianum P.F.Yeo	Plantae	Magnoliopsida					2	2			3	3			2	2	220
2891707	Oxalis debilis Kunth	Plantae	Magnoliopsida					2	2			2	2			1	1	220
2891755	Oxalis latifolia Kunth	Plantae	Magnoliopsida					3	3			1	1			1	1	220
2891783	Impatiens balfourii Hook.fil.	Plantae	Magnoliopsida					3	3			2	2			3	3	220
2913169	Galium parisiense L.	Plantae	Magnoliopsida					3	3			1	1			1	1	220
2925527	Verbena hastata L.	Plantae	Magnoliopsida					3	3			1	1			1	1	220
2925895	Echium plantagineum L.	Plantae	Magnoliopsida					3	3			1	1			1	1	220
2926045	Brunnera macrophylla (Adams) I.M.Johnst.	Plantae	Magnoliopsida					3	3			1	1			3	3	220
2927028	Salvia nemorosa L.	Plantae	Magnoliopsida					3	3			1	1			3	3	220
2927230	Stachys byzantina K.Koch	Plantae	Magnoliopsida					1	1			1	1			3	3	220
2928576	Ipomoea purpurea (L.) Roth	Plantae	Magnoliopsida					2	2			2	2			1	1	220
2929505	Solanum villosum Mill.	Plantae	Magnoliopsida					1	1			3	3			1	1	220
2931237	Solanum triflorum Nutt.	Plantae	Magnoliopsida					2	2			2	2			2	2	220
2959443	Gleditsia triacanthos L.	Plantae	Magnoliopsida					2	2			2	2			1	1	220
2965331	Medicago ×varia Martyn	Plantae	Magnoliopsida					2	2			2	2			1	1	220
2971016	Melilotus indicus (L.) All.	Plantae	Magnoliopsida					3	3			1	1			1	1	220
2972595	Onobrychis viciifolia Scop.	Plantae	Magnoliopsida					3	2			3	3			3	3	220
2974832	Vicia faba L.	Plantae	Magnoliopsida					2	2			1	1			3	3	220
2974921	Vicia villosa subsp. varia (Host) Corb.	Plantae	Magnoliopsida					3	3			1	1			1	1	220
2984366	Soleirolia soleirolii (Req.) Dandy	Plantae	Magnoliopsida					3	3			3	3			2	2	220
2984532	Zelkova serrata (Thunb.) Makino	Plantae	Magnoliopsida					3	3			1	1			3	3	220
2986111	Ribes aureum Pursh	Plantae	Magnoliopsida					1	1			1	1			1	1	220
2988354	Physocarpus opulifolius (L.) Maxim.	Plantae	Magnoliopsida					1	1			1	1			3	3	220
3022609	Prunus serrulata Lindl.	Plantae	Magnoliopsida					3	3			1	1			1	1	220
3026092	Cotoneaster hjelmqvistii Flinck & B.Hylmö	Plantae	Magnoliopsida					2	3			2	2			2	2	220
3033833	Delphinium ajacis L.	Plantae	Magnoliopsida					3	3			1	1			1	1	220
3034393	Eryngium planum L.	Plantae	Magnoliopsida					3	3			1	1			1	3	220
3034646	Anethum graveolens L.	Plantae	Magnoliopsida					3	3			1	1			3	3	220
3034871	Coriandrum sativum L.	Plantae	Magnoliopsida					2	3			2	2			2	2	220
3039194	Parthenocissus quinquefolia (L.) Planch.	Plantae	Magnoliopsida					2	2			3	3			2	2	220
3054117	Aubrieta deltoidea (L.) DC.	Plantae	Magnoliopsida					1	1			1	1			1	1	220
3067353	Euphorbia characias L.	Plantae	Magnoliopsida					3	3			3	3			3	3	220
3067891	Euphorbia prostrata Aiton	Plantae	Magnoliopsida					3	3			3	3			1	1	220
3084015	Phytolacca americana L.	Plantae	Magnoliopsida					3	3			2	2			3	3	220
3085623	Petrorhagia saxifraga (L.) Link	Plantae	Magnoliopsida					1	3			1	1			1	1	220
3086240	Mirabilis jalapa L.	Plantae	Magnoliopsida					3	3			1	1			1	1	220
3101193	Dittrichia graveolens (L.) Greuter	Plantae	Magnoliopsida					3	3			1	1			1	1	220
3112364	Cynara cardunculus L.	Plantae	Magnoliopsida					3	3			1	1			2	2	220
3114225	Rudbeckia hirta L.	Plantae	Magnoliopsida					3	3			1	1			1	1	220
3114643	Carduus acanthoides L.	Plantae	Magnoliopsida					2	3			2	2			2	2	220
3133950	Coreopsis tinctoria Nutt.	Plantae	Magnoliopsida					3	3			1	1			1	1	220
3138195	Eutrochium maculatum (L.) E.E.Lamont	Plantae	Magnoliopsida					3	3			1	1			1	1	220
3145214	Silybum marianum (L.) Gaertn.	Plantae	Magnoliopsida					2	2			3	3			2	2	220
3146717	Erigeron bonariensis L.	Plantae	Magnoliopsida					3	3			1	1			1	1	220
3147018	Erigeron floribundus (Kunth) Sch.Bip.	Plantae	Magnoliopsida					2	3			1	1			2	2	220
3152824	Liquidambar styraciflua L.	Plantae	Magnoliopsida					2	2			1	1			1	1	220
3169137	Euonymus fortunei (Turcz.) Hand.-Mazz.	Plantae	Magnoliopsida					2	2			3	2			3	3	220
3171948	Verbascum phlomoides L.	Plantae	Magnoliopsida					1	1			2	1			3	3	220
3189073	Epilobium brachycarpum C.Presl	Plantae	Magnoliopsida					3	3			1	1			1	1	220
3190382	Ruta graveolens L.	Plantae	Magnoliopsida					1	1			1	1			1	1	220
3190411	Ptelea trifoliata L.	Plantae	Magnoliopsida					1	1			1	1			1	1	220
3664589	Oenothera lindheimeri (Engelm. & A.Gray) W.L.Wagner & Hoch	Plantae	Magnoliopsida					3	3			3	3			1	1	220
3666776	Oenothera ×ersteinensis H.P.Linder & R.Jean	Plantae	Magnoliopsida					2	2			1	1			2	3	220
3690997	Cardamine occulta Hornem.	Plantae	Magnoliopsida					2	2			3	3			2	2	220
3756650	Chenopodium ×reynieri Ludw. & Aellen	Plantae	Magnoliopsida					2	2			2	2			3	3	220
3797084	Alkekengi officinarum Moench	Plantae	Magnoliopsida					2	2			2	2			1	1	220
3886505	Phlomis russeliana (Sims) Lag. ex Benth.	Plantae	Magnoliopsida					1	1			1	1			1	1	220
4013762	Narcissus ×cyclazetta Chater & Stace	Plantae	Liliopsida					1	1			1	1			1	1	196
4038485	Reynoutria ×bohemica Chrtek & Chrtková	Plantae	Magnoliopsida					2	2			2	2			1	1	220
4067281	Symphytum ×hidcotense P.D.Sell	Plantae	Magnoliopsida					1	1			2	2			3	3	220
4206362	Onopordum beckianum A.John	Plantae	Magnoliopsida					1	1			1	1			1	1	220
4259350	Tilia tomentosa Moench	Plantae	Magnoliopsida					2	2			3	3			1	1	220
4286942	Carassius auratus (Linnaeus, 1758)	Animalia						3	2			1	1			3	3	
4427319	Anthrenus angustefasciatus Ganglbauer, 1904	Animalia	Insecta					3	2			3	3			1	1	216
4483961	Viridicerus ustulatus (Mulsant & Rey, 1855)	Animalia	Insecta					3	3			1	1			1	1	216
4483971	Populicerus albicans (Kirschbaum, 1868)	Animalia	Insecta					3	3			1	1			2	3	216
4485843	Halyomorpha halys (Stål, 1855)	Animalia	Insecta					3	3			3	3			3	3	216
4562529	Morlina glabra (Rossmässler, 1835)	Animalia	Gastropoda					3	3			3	3			1	1	225
4567717	Boettgerilla pallens Simroth, 1912	Animalia	Gastropoda					2	2			2	2			1	1	225
4598225	Tandonia budapestensis (Hazay, 1880)	Animalia	Gastropoda					2	2			3	2			1	1	225
5123474	Anthophila nemorana (Hübner, 1799)	Animalia	Insecta					2	2			2	2			2	2	216
5192470	Potamopyrgus antipodarum (J.E.Gray, 1843)	Animalia	Gastropoda					3	3			3	3			1	1	225
5284809	Pinus nigra J.F.Arnold	Plantae	Pinopsida					1	1			3	3			3	3	194
5289833	Nassella tenuissima (Trin.) Barkworth	Plantae	Liliopsida					3	3			1	1			1	1	196
5298126	Iris sibirica L.	Plantae	Liliopsida					2	2			1	1			1	1	196
5299536	Tulipa sylvestris L.	Plantae	Liliopsida					3	2			1	1			3	3	196
5334242	Lonicera tatarica L.	Plantae	Magnoliopsida					3	2			3	3			3	3	220
5341373	Scutellaria altissima L.	Plantae	Magnoliopsida					3	2			1	1			3	3	220
5341784	Physalis peruviana L.	Plantae	Magnoliopsida					2	2			1	1			2	2	220
5347846	Lathyrus oleraceus Lam.	Plantae	Magnoliopsida					3	3			2	2			2	2	220
5353590	Cercis siliquastrum L.	Plantae	Magnoliopsida					3	3			1	1			3	3	220
5361785	Myriophyllum aquaticum (Vell.) Verdc.	Plantae	Magnoliopsida					1	2			2	2			2	3	220
5361982	Sedum hispanicum L.	Plantae	Magnoliopsida					3	3			1	1			1	1	220
5370380	Dasiphora fruticosa (L.) Rydb.	Plantae	Magnoliopsida					3	2			1	1			1	1	220
5372639	Salix babylonica L.	Plantae	Magnoliopsida					3	3			3	3			2	2	220
5375920	Eruca vesicaria (L.) Cav.	Plantae	Magnoliopsida					1	1			3	3			2	2	220
5377064	Lepidium densiflorum Schrad.	Plantae	Magnoliopsida					2	2			1	1			1	1	220
5384396	Amaranthus deflexus L.	Plantae	Magnoliopsida					3	3			1	1			1	1	220
5384931	Houttuynia cordata Thunb.	Plantae	Magnoliopsida					2	2			1	1			1	1	220
5392243	Cichorium endivia L.	Plantae	Magnoliopsida					1	1			1	1			3	3	220
5401760	Ageratum houstonianum Mill.	Plantae	Magnoliopsida					2	2			1	1			3	2	220
5415016	Linaria maroccana Hook.fil.	Plantae	Magnoliopsida					2	2			1	1			2	1	220
5567694	Bergenia crassifolia (L.) Fritsch	Plantae	Magnoliopsida					3	3			1	1			1	1	220
6027089	Smyrnium perfoliatum L.	Plantae	Magnoliopsida					3	3			1	3			3	3	220
6096602	Lophocolea semiteres (Lehm.) Mitt.	Plantae	Jungermanniopsida					2	1			2	2			2	2	126
6362904	Populus trichocarpa Torr. & A.Gray ex Hook.	Plantae	Magnoliopsida					2	2			2	2			3	3	220
7068845	Beta vulgaris subsp. vulgaris	Plantae	Magnoliopsida					1	1			1	1			1	1	220
7127354	Cyclamen coum Mill.	Plantae	Magnoliopsida					2	2			1	1			3	3	220
7403263	Lactuca sativa L.	Plantae	Magnoliopsida					3	3			1	1			2	2	220
7437751	Urtica membranacea Poir. ex Savigny	Plantae	Magnoliopsida					3	2			3	3			1	3	220
7560711	Oxalis tetraphylla Cav.	Plantae	Magnoliopsida					1	1			1	1			1	3	220
7627205	Glebionis coronaria (L.) Tzvelev	Plantae	Magnoliopsida					1	1			1	1			2	3	220
7678610	Raphanus sativus L.	Plantae	Magnoliopsida					2	2			3	3			3	3	220
7695021	Epimedium alpinum L.	Plantae	Magnoliopsida					1	1			1	1			1	1	220
7753992	Helix lucorum Linnaeus, 1758	Animalia	Gastropoda					2	1			3	3			1	1	225
7763534	Lauritrioza alacris (Flor, 1861)	Animalia	Insecta					1	3			1	1			1	1	216
7802465	Nymphaea ×marliacea Lat.-Marl.	Plantae	Magnoliopsida					3	2			1	1			1	1	220
7828157	Petroselinum crispum (Mill.) Fuss	Plantae	Magnoliopsida					1	1			1	1			1	2	220
8133114	Aster amellus L.	Plantae	Magnoliopsida					3	3			1	1			1	1	220
8149923	Prunus persica (L.) Stokes	Plantae	Magnoliopsida					3	3			1	1			1	1	220
8168344	Hedera hibernica Poit.	Plantae	Magnoliopsida					3	3			3	3			3	3	220
8313153	Quercus palustris Münchh.	Plantae	Magnoliopsida					2	2			1	1			3	3	220
8335191	Oloptum miliaceum (L.) Röser & Hamasha	Plantae	Liliopsida					2	2			1	1			1	1	196
8542672	Cotula australis (Sieber ex Spreng.) Hook.fil.	Plantae	Magnoliopsida					2	2			1	1			2	2	220
8584304	Guizotia abyssinica (L.fil.) Cass.	Plantae	Magnoliopsida					2	2			1	1			1	1	220
8848208	Koenigia polystachya (Wall. ex Meisn.) T.M.Schust. & Reveal	Plantae	Magnoliopsida					3	3			1	1			3	3	220
8898408	Pseudemys concinna (Le Conte, 1830)	Animalia	Testudines					1	1			1	1			1	1	11418114
8909809	Emys orbicularis (Linnaeus, 1758)	Animalia	Testudines					1	1			1	1			1	1	11418114
8993502	Silene italica (L.) Pers.	Plantae	Magnoliopsida					1	1			1	1			1	1	220
9139578	Aulacaspis rosae (Bouché, 1833)	Animalia	Insecta					1	1			1	1			1	3	216
9326020	Gallus gallus (Linnaeus, 1758)	Animalia	Aves					2	3			1	1			1	1	212
9673106	Eriocapitella ×hybrida (L.H.Bailey) Christenh. & Byng	Plantae	Magnoliopsida					3	3			1	1			1	1	220
9890104	Xeroplexa intersecta (Poiret, 1801)	Animalia	Gastropoda					3	3			1	1			3	3	225
10801424	Salvia yangii B.T.Drew	Plantae	Magnoliopsida					3	3			1	1			3	3	220
11007246	Clinopodium menthifolium (Host) Merino	Plantae	Magnoliopsida					1	1			3	3			1	1	220
