taxonKey	canonicalName	kingdom	class	em_pts	mean_growth	year_2023_em_status_occupancy_natura2000_Wallonia	year_2023_em_status_occs_natura2000_Wallonia	year_2023_em_status_occupancy_Wallonia	year_2023_em_status_occs_Wallonia	year_2022_em_status_occupancy_natura2000_Wallonia	year_2022_em_status_occs_natura2000_Wallonia	year_2022_em_status_occupancy_Wallonia	year_2022_em_status_occs_Wallonia	year_2021_em_status_occupancy_natura2000_Wallonia	year_2021_em_status_occs_natura2000_Wallonia	year_2021_em_status_occupancy_Wallonia	year_2021_em_status_occs_Wallonia	kingdomKey	classKey
5281901	Campylopus introflexus	Plantae	Bryopsida	72	1.07016223733682	3	3	3	3	3	3	3	3	3	3	3	3	6	327
5285637	Pinus sylvestris	Plantae	Pinopsida	72	1.0480303101605943	3	3	3	3	3	3	3	3	3	3	3	3	6	194
2226990	Pacifastacus leniusculus	Animalia	Malacostraca	72	1.0304580830785908	3	3	3	3	3	3	3	3	3	3	3	3	1	229
2295442	Limacus flavus	Animalia	Gastropoda	72		3	3	3	3	3	3	3	3	3	3	3	3	1	225
2775530	Yucca flaccida	Plantae	Liliopsida	68.5		3	3	3	3	3	2	3	2	3	3	3	3	6	196
7443846	Dipsacus strigosus	Plantae	Magnoliopsida	67.5		3	2	3	3	3	2	3	3	3	3	3	3	6	220
2078852	Nezara viridula	Animalia	Insecta	66.5		3	3	2	2	3	3	3	3	3	3	3	2	1	216
3189837	Acer saccharinum	Plantae	Magnoliopsida	65.5	1.0280564582301563	2	3	2	3	3	3	3	3	3	3	3	2	6	220
5372655	Salix eleagnos	Plantae	Magnoliopsida	64		3	3	2	2	3	3	2	2	3	3	3	3	6	220
6098843	Ctenolepisma longicaudatum	Animalia	Insecta	64		3	3	3	3	2	2	2	2	3	3	3	3	1	216
8699607	Mycosarcoma maydis	Fungi	Ustilaginomycetes	64		3	3	2	2	3	3	2	2	3	3	3	3	5	148
8190231	Corbicula fluminea	Animalia	Bivalvia	63	1.2421340342574225	2	3	2	3	3	3	3	3	2	3	2	3	1	137
2439261	Rattus norvegicus	Animalia	Mammalia	63	0.9667072104005008	3	3	3	1	3	3	3	1	3	3	3	1	1	359
7334368	Umbilicus rupestris	Plantae	Magnoliopsida	63		3	3	3	3	1	1	3	3	3	3	3	3	6	220
5369784	Geum macrophyllum	Plantae	Magnoliopsida	62.5	1.1907202552678955	2	2	2	3	3	3	3	3	3	2	3	3	6	220
3033242	Anemone blanda	Plantae	Magnoliopsida	62.5	1.052474742984967	2	3	2	1	3	3	3	3	3	3	3	3	6	220
5154481	Stictocephala bisonia	Animalia	Insecta	62	2.1604717319571733	3	3	3	3	2	2	2	3	2	2	3	3	1	216
2857017	Allium paradoxum	Plantae	Liliopsida	62		2	2	2	2	3	3	3	3	3	3	3	3	6	196
2926992	Salvia hispanica	Plantae	Magnoliopsida	62		2	2	2	2	3	3	3	3	3	3	3	3	6	220
3088310	Petasites japonicus	Plantae	Magnoliopsida	62		2	2	2	2	3	3	3	3	3	3	3	3	6	220
4427319	Anthrenus angustefasciatus	Animalia	Insecta	62		2	2	2	2	3	3	3	3	3	3	3	3	1	216
4562529	Morlina glabra	Animalia	Gastropoda	62		2	2	2	2	3	3	3	3	3	3	3	3	1	225
5220136	Dama dama	Animalia	Mammalia	62		2	2	2	2	3	3	3	3	3	3	3	3	1	359
7540164	Arion vulgaris	Animalia	Gastropoda	62		2	2	2	2	3	3	3	3	3	3	3	3	1	225
4565039	Hygromia cinctella	Animalia	Gastropoda	61	1.1468401796774004	3	3	3	2	2	2	2	2	3	3	3	2	1	225
2037925	Orientus ishidae	Animalia	Insecta	61		2	2	2	2	3	3	3	3	3	3	3	2	1	216
2469188	Podarcis muralis	Animalia	Squamata	61		3	2	3	3	2	3	3	3	2	2	2	2	1	11592253
5179027	Scutigera coleoptrata	Animalia	Chilopoda	60.5		2	2	2	2	3	3	3	2	3	3	3	3	1	360
5220170	Rupicapra rupicapra	Animalia	Mammalia	60		3	3	3	3	3	3	3	3	1	1	1	1	1	359
2473477	Syrmaticus reevesii	Animalia	Aves	59.5	1.1769103489720136	2	3	3	3	2	2	3	3	2	2	2	3	1	212
5415012	Linaria purpurea	Plantae	Magnoliopsida	59.5		2	2	2	2	3	3	3	3	3	3	2	2	6	220
7135755	Rhododendron luteum	Plantae	Magnoliopsida	59.5		3	3	3	3	1	1	2	2	3	3	3	3	6	220
3136320	Hieracium amplexicaule	Plantae	Magnoliopsida	58.5	1.1640684694549492	2	3	2	3	2	3	2	3	2	3	2	3	6	220
2880580	Quercus cerris	Plantae	Magnoliopsida	58.5	1.0559392582605749	2	2	2	3	3	3	2	3	2	2	3	3	6	220
8745918	Deroceras invadens	Animalia	Gastropoda	58.5		2	2	2	2	3	3	2	2	3	3	3	3	1	225
2683866	Chamaecyparis lawsoniana	Plantae	Pinopsida	57.5	1.1752088374428409	2	2	2	3	2	2	2	3	3	3	3	3	6	194
7828157	Petroselinum crispum	Plantae	Magnoliopsida	57.5	1.0762268720630412	1	3	1	3	3	3	2	3	3	3	2	3	6	220
2153287	Zoropsis spinimana	Animalia	Arachnida	57.5		2	2	2	2	2	2	3	3	3	3	3	3	1	367
2775619	Yucca gloriosa	Plantae	Liliopsida	57.5		3	2	2	2	3	2	3	2	3	2	2	2	6	196
2747564	Crocus tommasinianus	Plantae	Liliopsida	57	0.9811627441620302	2	2	2	1	3	3	3	1	3	3	3	3	6	196
4483961	Viridicerus ustulatus	Animalia	Insecta	57		3	3	3	2	3	3	3	3	0	0	2	2	1	216
3797084	Alkekengi officinarum	Plantae	Magnoliopsida	56.5	1.0569295391413205	1	3	1	3	2	3	2	3	3	3	3	3	6	220
2766030	Pontederia cordata	Plantae	Liliopsida	56.5		1	1	2	2	3	3	3	3	3	3	3	3	6	196
2855398	Galanthus elwesii	Plantae	Liliopsida	56.5		1	1	2	2	3	3	3	3	3	3	3	3	6	196
2986111	Ribes aureum	Plantae	Magnoliopsida	56.5		1	1	2	2	3	3	3	3	3	3	3	3	6	220
4565061	Cernuella neglecta	Animalia	Gastropoda	56.5		3	2	2	2	3	3	3	3	2	2	1	1	1	225
2888625	Viburnum rhytidophyllum	Plantae	Magnoliopsida	56	1.0042673063808303	2	1	2	1	3	3	3	3	3	3	2	3	6	220
1311477	Vespa velutina	Animalia	Insecta	56		2	2	2	2	3	3	3	3	2	2	2	2	1	216
2891774	Impatiens capensis	Plantae	Magnoliopsida	55.5		1	1	3	2	3	2	3	2	3	3	3	3	6	220
5598598	Lonicera acuminata	Plantae	Magnoliopsida	55.5		3	3	2	2	3	3	3	3	1	1	1	1	6	220
5324959	Himantoglossum robertianum	Plantae	Liliopsida	55		1	2	1	2	3	3	3	3	3	3	2	3	6	196
3084022	Phytolacca acinosa	Plantae	Magnoliopsida	54.5	1.2924753732907643	2	1	2	3	3	1	3	3	3	1	3	3	6	220
9451184	Pavo cristatus	Animalia	Aves	54.5	1.049511787369549	3	3	2	3	2	2	2	3	1	1	2	3	1	212
2685361	Abies grandis	Plantae	Pinopsida	54.5	1.0028785843763675	2	3	2	1	2	3	2	3	2	3	2	3	6	194
4567717	Boettgerilla pallens	Animalia	Gastropoda	54		2	2	2	2	2	2	2	2	3	3	3	3	1	225
5284702	Cedrus atlantica	Plantae	Pinopsida	54		2	2	2	2	2	2	2	2	3	3	3	3	6	194
7127354	Cyclamen coum	Plantae	Magnoliopsida	54		2	2	2	2	2	2	2	2	3	3	3	3	6	220
9350124	Natrix helvetica	Animalia	Squamata	54		2	2	2	2	2	2	2	2	3	3	3	3	1	11592253
2705090	Panicum miliaceum	Plantae	Liliopsida	53.5	1.1539519692092564	1	1	2	3	3	3	3	3	2	2	2	3	6	196
4264680	Myocastor coypus	Animalia	Mammalia	53.5	1.0061571161033218	3	1	2	1	3	1	3	3	3	1	3	3	1	359
2437450	Tamias sibiricus	Animalia	Mammalia	53.5		3	2	2	2	2	2	2	2	2	3	2	3	1	359
2650827	Cyrtomium fortunei	Plantae	Polypodiopsida	53.5		3	3	2	2	2	2	2	2	2	2	2	2	6	7228684
1309600	Andricus kollari	Animalia	Insecta	53	0.7817526413945424	3	3	3	1	3	3	3	1	1	1	1	1	1	216
3140436	Lactuca macrophylla	Plantae	Magnoliopsida	53		1	1	2	2	3	3	3	2	2	3	3	3	6	220
7315072	Papaver atlanticum	Plantae	Magnoliopsida	53		1	1	2	2	3	3	2	2	3	3	3	3	6	220
3152861	Liriodendron tulipifera	Plantae	Magnoliopsida	52.5	1.0562072493849533	2	2	2	3	2	2	2	3	2	2	2	3	6	220
2747567	Crocus vernus	Plantae	Liliopsida	52		1	1	1	1	3	3	3	3	3	3	3	3	6	196
3026107	Cotoneaster simonsii	Plantae	Magnoliopsida	52		3	3	2	2	3	3	2	2	1	1	1	1	6	220
3104106	Sanvitalia procumbens	Plantae	Magnoliopsida	52		1	1	1	1	3	3	3	3	3	3	3	3	6	220
3981543	Berberis julianae	Plantae	Magnoliopsida	52		1	1	1	1	3	3	3	3	3	3	3	3	6	220
3147168	Erigeron karvinskianus	Plantae	Magnoliopsida	51	1.2036815112834667	2	1	2	3	2	1	2	3	2	3	3	3	6	220
5410411	Campanula portenschlagiana	Plantae	Magnoliopsida	51	1.0618545310820215	2	1	2	3	3	1	3	3	2	1	2	3	6	220
2685796	Pseudotsuga menziesii	Plantae	Pinopsida	51	0.9351264806148231	3	1	3	1	3	1	3	1	3	1	3	1	6	194
2959443	Gleditsia triacanthos	Plantae	Magnoliopsida	51		3	3	2	2	1	1	2	2	3	2	2	2	6	220
2985965	Deutzia scabra	Plantae	Magnoliopsida	51		1	1	1	1	3	3	3	3	3	3	3	2	6	220
3034015	Laurus nobilis	Plantae	Magnoliopsida	51		1	1	1	1	3	3	3	3	3	3	3	2	6	220
3170040	Gentiana lutea	Plantae	Magnoliopsida	51		1	2	3	2	2	2	3	2	2	2	3	2	6	220
2888585	Viburnum tinus	Plantae	Magnoliopsida	50.5		1	1	2	2	3	3	2	2	3	3	2	2	6	220
3020871	Prunus lusitanica	Plantae	Magnoliopsida	50.5		1	1	1	1	3	3	3	3	3	3	2	3	6	220
3036033	Hedera colchica	Plantae	Magnoliopsida	50.5		1	1	1	1	3	3	3	3	3	2	3	3	6	220
3133887	Coreopsis verticillata	Plantae	Magnoliopsida	50.5		1	1	1	1	3	3	3	3	3	2	3	3	6	220
5341497	Nepeta racemosa	Plantae	Magnoliopsida	50.5		2	2	2	2	2	2	2	2	2	2	3	3	6	220
3690997	Cardamine occulta	Plantae	Magnoliopsida	50		2	2	2	2	3	3	3	2	0	0	3	3	6	220
5584611	Silene chalcedonica	Plantae	Magnoliopsida	50		1	1	1	1	3	3	2	3	3	3	3	3	6	220
5330661	Arum italicum	Plantae	Liliopsida	49.5	1.2085143490948924	0	3	3	3	0	3	3	3	0	3	3	3	6	196
4460066	Chrysolina americana	Animalia	Insecta	49.5	1.0971867644445692	3	3	0	3	2	2	0	3	3	3	0	3	1	216
2772094	Muscari botryoides	Plantae	Liliopsida	49.5	1.0783888278860083	1	1	1	3	2	2	2	3	3	3	3	3	6	196
4532122	Cydalima perspectalis	Animalia	Insecta	49.5	0.8952654689317693	3	3	1	1	3	3	1	1	3	2	1	1	1	216
2891783	Impatiens balfourii	Plantae	Magnoliopsida	49.5	0.8891800478849189	1	1	2	1	3	3	3	1	3	3	3	1	6	220
3026334	Cotoneaster divaricatus	Plantae	Magnoliopsida	49.5		1	1	1	1	3	3	3	3	3	3	2	2	6	220
5284982	Pinus strobus	Plantae	Pinopsida	49.5		1	1	1	1	3	3	3	3	3	2	3	2	6	194
1421091	Lepisma saccharinum	Animalia	Insecta	49	1.1894825008953458	3	2	0	3	2	3	0	3	3	3	0	3	1	216
7127810	Cyclamen hederifolium	Plantae	Magnoliopsida	49	0.7937234560033571	2	2	2	0	3	3	3	0	3	3	2	0	6	220
7560711	Oxalis tetraphylla	Plantae	Magnoliopsida	49		2	2	2	2	3	3	2	2	1	1	2	2	6	220
2494303	Serinus canaria	Animalia	Aves	48.5		1	1	2	2	2	2	2	2	3	3	3	3	1	212
2767271	Scilla luciliae	Plantae	Liliopsida	48.5		1	1	1	1	3	3	2	2	3	3	3	3	6	196
2772666	Hyacinthus orientalis	Plantae	Liliopsida	48.5		1	1	2	2	2	2	2	2	3	3	3	3	6	196
3886505	Phlomis russeliana	Plantae	Magnoliopsida	48.5		1	1	1	1	3	2	3	2	3	3	3	3	6	220
5384932	Saururus cernuus	Plantae	Magnoliopsida	48.5		1	1	1	1	3	3	2	2	3	3	3	3	6	220
7222255	Lactuca macrophylla macrophylla	Plantae	Magnoliopsida	48.5		1	1	1	1	3	3	3	2	2	3	3	3	6	220
5410151	Campanula poscharskyana	Plantae	Magnoliopsida	48	0.9422455337237333	2	2	3	1	2	2	3	1	2	2	2	1	6	220
3033077	Aucuba japonica	Plantae	Magnoliopsida	48	0.9027568959116585	2	2	2	1	3	3	2	1	2	2	2	1	6	220
2434552	Nyctereutes procyonoides	Animalia	Mammalia	48		2	2	2	2	2	2	2	2	2	2	2	2	1	359
2440946	Muntiacus reevesi	Animalia	Mammalia	48		2	2	2	2	2	2	2	2	2	2	2	2	1	359
2443002	Trachemys scripta	Animalia	Testudines	48		2	2	2	2	2	2	2	2	2	2	2	2	1	11418114
2888859	Muehlenbeckia complexa	Plantae	Magnoliopsida	48		2	2	1	1	3	3	3	3	1	1	2	2	6	220
3003709	Rosa glauca	Plantae	Magnoliopsida	48		2	2	2	2	2	2	2	2	2	2	2	2	6	220
6157026	Trachemys scripta elegans	Animalia	Testudines	48		2	2	2	2	2	2	2	2	2	2	2	2	1	11418114
2480786	Theristicus melanopis	Animalia	Aves	47.5		1	1	1	1	2	3	2	3	3	3	3	3	1	212
2984676	Pachysandra terminalis	Plantae	Magnoliopsida	47.5		1	1	1	1	3	3	3	3	2	3	2	2	6	220
3067353	Euphorbia characias	Plantae	Magnoliopsida	47.5		1	1	1	1	2	2	3	3	3	3	3	3	6	220
3190522	Cotinus coggygria	Plantae	Magnoliopsida	47.5		1	1	1	1	2	2	3	3	3	3	3	3	6	220
9326020	Gallus gallus	Animalia	Aves	47	1.0849089519183206	1	1	2	3	2	2	2	3	2	2	2	3	1	212
2498090	Anas bahamensis	Animalia	Aves	47	0.7407011513754709	2	2	2	0	3	3	3	0	2	3	2	0	1	212
2767428	Puschkinia scilloides	Plantae	Liliopsida	47		1	1	2	2	3	3	3	3	1	1	2	2	6	196
5375020	Arabis alpina	Plantae	Magnoliopsida	46.5		1	1	1	1	3	2	2	2	3	3	3	3	6	220
3169137	Euonymus fortunei	Plantae	Magnoliopsida	46		2	2	2	2	2	2	2	3	1	1	2	2	6	220
4486243	Oxycarenus lavaterae	Animalia	Insecta	46		1	1	1	1	3	3	3	3	2	2	2	2	1	216
5284237	Cryptomeria japonica	Plantae	Pinopsida	46		2	2	2	2	1	1	1	1	3	3	3	3	6	194
5341201	Anchusa officinalis	Plantae	Magnoliopsida	46		1	1	2	2	3	3	2	2	1	1	3	3	6	220
3098912	Cosmos bipinnatus	Plantae	Magnoliopsida	45.5	1.3761209122106424	1	3	0	3	2	3	0	3	3	3	0	3	6	220
3039194	Parthenocissus quinquefolia	Plantae	Magnoliopsida	45.5	1.0204687334845377	1	1	2	3	2	1	2	3	3	1	2	3	6	220
2882482	Calluna vulgaris	Plantae	Magnoliopsida	45	1.0611607506890839	1	3	1	3	1	3	1	3	1	3	1	3	6	220
3021730	Prunus cerasifera	Plantae	Magnoliopsida	45	1.0297051703870306	1	3	1	3	1	3	1	3	1	3	1	3	6	220
3040233	Populus alba	Plantae	Magnoliopsida	45	1.0269024994740148	1	3	1	3	1	3	1	3	1	3	1	3	6	220
1152186	Callidiellum rufipennis	Animalia	Insecta	45		1	1	3	3	1	1	1	1	3	3	3	3	1	216
4102952	Knautia macedonica	Plantae	Magnoliopsida	45		1	1	1	1	3	3	3	3	1	1	3	3	6	220
5334194	Macleaya cordata	Plantae	Magnoliopsida	45		1	1	3	3	1	1	1	1	3	3	3	3	6	220
7162908	Convolvulus tricolor	Plantae	Magnoliopsida	45		1	1	2	2	2	2	2	2	2	2	3	3	6	220
7266329	Salix alba alba	Plantae	Magnoliopsida	45		1	1	1	1	3	2	2	2	3	2	3	3	6	220
3084015	Phytolacca americana	Plantae	Magnoliopsida	44.5	0.9595744872188389	1	1	2	1	3	3	3	1	2	2	2	1	6	220
2873877	Linum austriacum	Plantae	Magnoliopsida	44.5	0.5837023120539353	1	1	1	1	2	3	3	1	3	3	3	1	6	220
1622599	Rhagoletis cingulata	Animalia	Insecta	44.5		3	2	2	2	1	1	2	2	1	1	3	2	1	216
3026049	Cotoneaster dammeri	Plantae	Magnoliopsida	44.5		2	3	2	3	1	1	2	2	1	1	2	2	6	220
4488821	Deraeocoris flavilinea	Animalia	Insecta	44.5		1	1	2	2	3	3	3	3	1	1	1	1	1	216
2493633	Taeniopygia guttata	Animalia	Aves	44	0.8467694110994715	3	2	2	1	1	1	2	1	3	2	2	1	1	212
1031394	Ectopsocus petersi	Animalia	Insecta	44		3	3	3	3	1	1	1	1	1	1	1	1	1	216
2767275	Scilla forbesii	Plantae	Liliopsida	44		1	1	1	1	2	2	2	2	3	3	3	3	6	196
2888579	Leycesteria formosa	Plantae	Magnoliopsida	44		1	1	1	1	2	2	2	2	3	3	3	3	6	220
3033261	Anemone coronaria	Plantae	Magnoliopsida	44		1	1	1	1	2	2	2	2	3	3	3	3	6	220
3666422	Chamaenerion dodonaei	Plantae	Magnoliopsida	44		2	2	2	2	2	3	2	2	1	1	1	1	6	220
7266343	Salix purpurea purpurea	Plantae	Magnoliopsida	44		3	3	3	3	1	1	1	1	1	1	1	1	6	220
7291264	Bistorta amplexicaulis	Plantae	Magnoliopsida	44		1	1	1	1	2	2	2	2	3	3	3	3	6	220
8080743	Scilla siberica	Plantae	Liliopsida	44		1	1	1	1	2	2	2	2	3	3	3	3	6	196
2686212	Larix decidua	Plantae	Pinopsida	43.5	0.9922069263089256	2	2	2	1	2	2	2	1	2	2	2	1	6	194
3067119	Euphorbia maculata	Plantae	Magnoliopsida	43.5	0.8662342949319819	2	2	2	1	2	2	2	1	2	2	2	1	6	220
2479977	Nymphicus hollandicus	Animalia	Aves	43.5	0.7309227913603072	2	2	2	0	3	3	2	0	2	2	2	0	1	212
2869311	Lysichiton americanus	Plantae	Liliopsida	43.5		1	1	1	1	2	2	3	2	3	2	3	2	6	196
2875968	Corylus colurna	Plantae	Magnoliopsida	43.5		1	1	2	2	3	3	2	2	1	1	2	2	6	220
3120790	Artemisia verlotiorum	Plantae	Magnoliopsida	43.5		1	1	2	2	3	3	3	3	0	0	2	2	6	220
5582033	Salix udensis	Plantae	Magnoliopsida	43.5		1	1	2	2	1	1	3	2	3	3	2	2	6	220
3172615	Catalpa bignonioides	Plantae	Magnoliopsida	43	0.8913682087160505	2	2	2	1	3	3	2	1	1	1	1	1	6	220
4484176	Cacopsylla fulguralis	Animalia	Insecta	43		1	1	1	1	1	1	3	3	3	3	3	3	1	216
5421039	Ludwigia grandiflora	Plantae	Magnoliopsida	42.5	1.0072707391438729	2	1	1	3	2	1	1	3	3	1	1	3	6	220
3033896	Berberis thunbergii	Plantae	Magnoliopsida	42.5	0.6176512768790037	1	1	1	0	3	3	3	0	3	3	3	0	6	220
2362030	Ctenopharyngodon idella	Animalia		42.5		1	1	1	1	3	3	3	3	1	1	2	2	1	
2426661	Pelophylax ridibundus	Animalia	Amphibia	42.5		1	1	2	2	2	2	2	2	2	2	2	2	1	131
2913169	Galium parisiense	Plantae	Magnoliopsida	42.5		2	2	2	2	1	1	1	1	2	2	3	3	6	220
8288647	Pterocarya fraxinifolia	Plantae	Magnoliopsida	42.5		1	1	1	1	2	2	2	2	3	2	3	3	6	220
4201709	Sempervivum arachnoideum	Plantae	Magnoliopsida	42		1	1	1	2	3	3	3	3	1	1	1	1	6	220
5329263	Elodea densa	Plantae	Liliopsida	41.5		1	1	1	1	2	2	3	3	2	2	2	2	6	196
5391928	Bidens triplinervia	Plantae	Magnoliopsida	41.5		1	1	1	1	3	3	2	2	1	1	3	3	6	220
2435035	Felis catus	Animalia	Mammalia	41	0.9905008896783282	2	2	2	0	2	2	2	0	2	2	2	2	1	359
7802465	Nymphaea marliacea	Plantae	Magnoliopsida	41	0.7899388212831789	2	1	2	1	2	1	2	1	3	1	3	1	6	220
3012089	Sorbaria sorbifolia	Plantae	Magnoliopsida	41	0.7529646313549632	2	1	2	0	3	1	3	0	3	1	3	0	6	220
5334240	Lonicera japonica	Plantae	Magnoliopsida	41	0.5411875340628466	1	1	1	0	3	3	3	0	3	3	2	0	6	220
2995149	Rubus phoenicolasius	Plantae	Magnoliopsida	41	0.44599138954432416	1	1	1	0	3	3	3	0	3	3	2	0	6	220
2684120	Sequoiadendron giganteum	Plantae	Pinopsida	41		1	1	1	1	1	3	3	3	2	2	2	2	6	194
9345027	Spatula cyanoptera	Animalia	Aves	41		1	1	1	1	1	1	2	3	3	3	3	3	1	212
3146683	Erigeron sumatrensis	Plantae	Magnoliopsida	40.5	1.0656793977317272	2	1	1	3	2	1	1	3	2	1	1	3	6	220
3026454	Spiraea salicifolia	Plantae	Magnoliopsida	40.5	0.9937045822850338	1	3	1	1	2	3	2	1	1	3	1	1	6	220
5284884	Picea abies	Plantae	Pinopsida	40.5	0.8446133769248564	3	0	3	0	3	0	3	0	3	0	3	0	6	194
2965354	Medicago falcata	Plantae	Magnoliopsida	40.5	0.7220770072109187	2	3	2	0	1	3	1	0	2	3	2	0	6	220
8313153	Quercus palustris	Plantae	Magnoliopsida	40.5	0.6027783224681939	1	1	1	1	2	2	2	1	3	3	3	1	6	220
3098951	Cosmos sulphureus	Plantae	Magnoliopsida	40.5		1	1	1	1	2	2	2	2	2	2	3	3	6	220
3054357	Juglans nigra	Plantae	Magnoliopsida	40	0.717398633295725	1	1	1	1	3	3	1	1	3	3	1	1	6	220
2128502	Aceria erinea	Animalia	Arachnida	40		2	2	2	2	1	1	1	1	2	2	2	2	1	367
2479544	Agapornis fischeri	Animalia	Aves	40		1	1	1	1	3	3	3	3	1	1	1	1	1	212
3064669	Euphorbia myrsinites	Plantae	Magnoliopsida	40		1	1	1	1	3	3	3	3	1	1	1	1	6	220
3082279	Ceratostigma plumbaginoides	Plantae	Magnoliopsida	40		1	1	1	1	3	3	3	3	1	1	1	1	6	220
3085420	Dianthus caryophyllus	Plantae	Magnoliopsida	40		1	1	1	1	3	3	3	3	1	1	1	1	6	220
3170247	Asclepias syriaca	Plantae	Magnoliopsida	40		2	2	2	2	1	1	1	1	2	2	2	2	6	220
3189882	Acer palmatum	Plantae	Magnoliopsida	40		1	1	3	3	1	1	3	3	1	1	1	1	6	220
5189032	Corbicula fluminalis	Animalia	Bivalvia	40		1	1	1	1	3	3	3	3	1	1	1	1	1	137
6096602	Lophocolea semiteres	Plantae	Jungermanniopsida	40		2	2	2	2	1	1	1	1	2	2	2	2	6	126
7433196	Euonymus latifolius	Plantae	Magnoliopsida	40		1	1	1	1	3	3	3	3	1	1	1	1	6	220
3026092	Cotoneaster hjelmqvistii	Plantae	Magnoliopsida	39.5	0.8928529571613975	2	1	1	1	3	1	2	1	3	1	2	1	6	220
2041682	Graphocephala fennahi	Animalia	Insecta	39.5	0.6470905618936721	2	2	0	1	3	3	0	1	3	3	0	1	1	216
1031684	Lepinotus patruelis	Animalia	Insecta	39.5		1	1	1	1	1	1	2	2	3	3	3	3	1	216
2077985	Impatientinum asiaticum	Animalia	Insecta	39.5		3	3	2	2	1	1	1	1	1	1	1	1	1	216
3000679	Chaenomeles speciosa	Plantae	Magnoliopsida	39.5		1	1	1	1	1	1	2	2	3	3	3	3	6	220
3133938	Coreopsis lanceolata	Plantae	Magnoliopsida	39.5		1	1	1	1	1	1	2	2	3	3	3	3	6	220
5228229	Balearica regulorum	Animalia	Aves	39.5		1	1	2	2	1	1	2	2	2	2	3	2	1	212
5362054	Crassula helmsii	Plantae	Magnoliopsida	39	0.9152569264499567	2	1	2	0	3	1	3	0	2	1	3	0	6	220
2049661	Adelges abietis	Animalia	Insecta	39		1	1	1	1	1	2	2	2	3	3	2	2	1	216
2227300	Procambarus clarkii	Animalia	Malacostraca	39		1	1	2	2	2	2	2	2	1	1	2	2	1	229
2684191	Taxodium distichum	Plantae	Pinopsida	39		1	1	1	1	3	3	2	2	1	1	2	2	6	194
5328909	Sagittaria latifolia	Plantae	Liliopsida	39		3	3	3	2	0	0	1	1	0	0	3	3	6	196
5355395	Spartium junceum	Plantae	Magnoliopsida	39		1	1	1	1	3	3	3	3	0	0	2	2	6	220
3189073	Epilobium brachycarpum	Plantae	Magnoliopsida	38.5	0.9179623459387133	1	1	1	1	3	3	1	1	3	2	1	1	6	220
8149923	Prunus persica	Plantae	Magnoliopsida	38.5	0.9177641276304848	2	1	1	1	2	1	2	1	3	1	3	1	6	220
3170823	Paulownia tomentosa	Plantae	Magnoliopsida	38.5	0.8680800966428056	2	2	1	0	2	2	1	0	3	3	1	2	6	220
3054117	Aubrieta deltoidea	Plantae	Magnoliopsida	38.5	0.6322831790952397	1	1	2	0	2	2	2	0	3	3	3	0	6	220
2498402	Dendrocygna bicolor	Animalia	Aves	38.5		1	1	1	1	3	3	3	2	1	1	1	1	1	212
2928026	Nemophila menziesii	Plantae	Magnoliopsida	38.5		1	1	1	1	1	1	2	3	3	3	2	2	6	220
3040184	Populus balsamifera	Plantae	Magnoliopsida	38.5		2	2	2	2	2	2	2	2	0	0	1	1	6	220
1749449	Cameraria ohridella	Animalia	Insecta	38		1	1	2	2	1	1	1	1	3	3	2	2	1	216
2479798	Melopsittacus undulatus	Animalia	Aves	38		1	1	1	1	2	2	2	2	2	2	2	2	1	212
3172266	Jasminum nudiflorum	Plantae	Magnoliopsida	38		1	1	1	1	2	2	2	2	2	2	2	2	6	220
3741446	Erinus alpinus	Plantae	Magnoliopsida	38		1	1	1	1	2	2	2	2	2	2	2	2	6	220
4938682	Larix marschlinsii	Plantae	Pinopsida	38		1	1	1	1	2	2	2	2	2	2	2	2	6	194
5415455	Acanthus mollis	Plantae	Magnoliopsida	38		1	1	2	2	1	1	1	1	3	3	2	2	6	220
8946295	Pontastacus leptodactylus	Animalia	Malacostraca	38		1	1	1	1	2	2	2	2	2	2	2	2	1	229
3085357	Saponaria ocymoides	Plantae	Magnoliopsida	37.5	0.9546934390992066	1	1	1	1	2	2	3	1	2	2	2	1	6	220
2685484	Abies alba	Plantae	Pinopsida	37.5	0.8753302297829527	2	1	2	1	2	1	2	1	2	1	2	1	6	194
2020655	Corythucha ciliata	Animalia	Insecta	37.5	0.7660527962228466	1	2	2	0	2	2	2	0	2	3	2	0	1	216
7978544	Hydrocotyle ranunculoides	Plantae	Magnoliopsida	37.5	0.7543539470085973	2	1	2	1	2	1	2	1	2	1	2	1	6	220
8133114	Aster amellus	Plantae	Magnoliopsida	37.5		1	1	1	1	1	1	2	3	2	2	3	3	6	220
8168344	Hedera hibernica	Plantae	Magnoliopsida	37.5		2	2	2	2	1	1	2	2	1	1	1	1	6	220
5361785	Myriophyllum aquaticum	Plantae	Magnoliopsida	37	0.5791022953521245	1	1	2	0	2	2	3	0	2	2	3	0	6	220
3190411	Ptelea trifoliata	Plantae	Magnoliopsida	37		1	1	1	1	1	1	2	2	3	3	2	2	6	220
2996525	Rubus armeniacus	Plantae	Magnoliopsida	36.5	0.9526742154198149	1	1	1	2	2	2	2	2	1	1	2	2	6	220
2008616	Empicoris rubromaculatus	Animalia	Insecta	36.5		1	1	1	1	3	3	3	3	0	0	1	1	1	216
2049722	Adelges laricis	Animalia	Insecta	36.5		1	1	1	1	3	3	2	2	1	1	1	1	1	216
2651122	Polystichum munitum	Plantae	Polypodiopsida	36.5		1	1	1	1	3	2	3	2	1	1	1	1	6	7228684
2684171	Thuja plicata	Plantae	Pinopsida	36.5		1	1	2	2	2	2	2	2	1	1	1	1	6	194
2684178	Thuja occidentalis	Plantae	Pinopsida	36.5		2	2	2	2	1	1	1	1	1	1	2	2	6	194
2925816	Cynoglossum amabile	Plantae	Magnoliopsida	36.5		1	1	1	1	3	3	2	2	1	1	1	1	6	220
3128225	Centaurea nigra	Plantae	Magnoliopsida	36	0.9868384283081459	1	3	1	1	1	3	1	1	1	3	1	1	6	220
2498252	Alopochen aegyptiaca	Animalia	Aves	36	0.9367114281174258	0	3	3	0	0	3	3	0	0	3	3	0	1	212
5372639	Salix babylonica	Plantae	Magnoliopsida	36	0.7811997004323602	1	1	2	1	2	2	2	1	1	1	3	1	6	220
2440954	Cervus nippon	Animalia	Mammalia	36		1	1	1	1	1	1	1	1	3	3	3	3	1	359
2473341	Numida meleagris	Animalia	Aves	36		1	1	1	1	1	1	3	3	1	1	3	3	1	212
2701612	Juncus ensifolius	Plantae	Liliopsida	36		1	1	1	1	1	1	1	1	3	3	3	3	6	196
2856204	Allium siculum	Plantae	Liliopsida	36		1	1	1	1	1	1	1	1	3	3	3	3	6	196
2858963	Narcissus tazetta	Plantae	Liliopsida	36		1	1	1	1	1	1	1	1	3	3	3	3	6	196
2891707	Oxalis debilis	Plantae	Magnoliopsida	36		1	1	1	1	1	1	1	1	3	3	3	3	6	220
2985964	Deutzia gracilis	Plantae	Magnoliopsida	36		1	1	1	1	1	1	1	1	3	3	3	3	6	220
3034782	Smyrnium olusatrum	Plantae	Magnoliopsida	36		1	1	1	1	1	1	1	1	3	3	3	3	6	220
5304187	Triteleia laxa	Plantae	Liliopsida	36		1	1	1	1	1	1	1	1	3	3	3	3	6	196
5334527	Limnanthes douglasii	Plantae	Magnoliopsida	36		1	1	1	1	1	1	1	1	3	3	3	3	6	220
5377163	Iberis amara	Plantae	Magnoliopsida	36		1	1	1	1	1	1	2	2	2	2	3	3	6	220
7172831	Phedimus aizoon	Plantae	Magnoliopsida	36		1	1	1	1	1	1	1	1	3	3	3	3	6	220
7346102	Erythranthe guttata	Plantae	Magnoliopsida	35.5	0.9659894898765228	2	3	0	0	3	3	0	0	2	3	0	0	6	220
2049296	Pithyotettix abietinus	Animalia	Insecta	35.5		1	1	1	1	2	2	3	3	1	1	1	1	1	216
2865565	Lagarosiphon major	Plantae	Liliopsida	35.5		1	1	1	1	2	2	2	2	2	2	1	1	6	196
3169756	Nerium oleander	Plantae	Magnoliopsida	35.5		1	1	1	1	2	2	3	3	1	1	1	1	6	220
5156102	Leptoglossus occidentalis	Animalia	Insecta	35	0.9449354651531102	2	1	1	2	3	1	1	2	2	1	0	0	1	216
1047536	Leptinotarsa decemlineata	Animalia	Insecta	34.5	1.5357006489328864	0	0	3	3	0	0	3	3	0	2	3	3	1	216
5123474	Anthophila nemorana	Animalia	Insecta	34.5		1	1	2	2	1	1	2	2	1	1	2	2	1	216
3190653	Ailanthus altissima	Plantae	Magnoliopsida	34	0.9218126999246896	2	1	1	1	3	1	1	1	2	1	1	1	6	220
2651816	Adiantum capillus-veneris	Plantae	Polypodiopsida	34		1	1	1	1	3	3	3	3	0	0	0	0	6	7228684
2702822	Echinochloa frumentacea	Plantae	Liliopsida	34		1	1	1	1	3	3	3	3	0	0	0	0	6	196
2716226	Cyperus esculentus	Plantae	Liliopsida	34		1	1	1	1	3	3	3	3	0	0	0	0	6	196
3128888	Centaurea solstitialis	Plantae	Magnoliopsida	34		2	2	2	2	1	1	1	1	1	1	1	1	6	220
5304294	Hyacinthoides massartiana	Plantae	Liliopsida	34		2	2	2	2	1	1	1	1	1	1	1	1	6	196
3000610	Chaenomeles japonica	Plantae	Magnoliopsida	33.5	0.7816482432449942	1	1	2	1	1	1	2	1	2	2	2	1	6	220
3026294	Cotoneaster bullatus	Plantae	Magnoliopsida	33.5	0.7781184531589326	2	1	1	1	2	1	1	1	3	1	1	1	6	220
2480410	Parabuteo unicinctus	Animalia	Aves	33.5		1	1	1	1	1	1	1	1	3	3	2	2	1	212
3022609	Prunus serrulata	Plantae	Magnoliopsida	33.5		1	1	1	1	1	1	1	1	3	3	2	2	6	220
3152824	Liquidambar styraciflua	Plantae	Magnoliopsida	33.5		1	1	1	1	1	1	1	1	3	3	2	2	6	220
5415054	Forsythia intermedia	Plantae	Magnoliopsida	33.5		1	1	1	1	1	1	1	1	3	3	2	2	6	220
6391417	Rumex thyrsiflorus	Plantae	Magnoliopsida	33.5		1	1	1	1	1	1	1	1	3	3	2	2	6	220
8011733	Weigela floribunda	Plantae	Magnoliopsida	33.5		1	1	1	1	1	1	1	1	3	3	2	2	6	220
2498384	Callonetta leucophrys	Animalia	Aves	33	0.7051438984096954	1	1	1	0	2	2	2	0	3	2	2	0	1	212
2149679	Holocnemus pluchei	Animalia	Arachnida	33		1	1	1	1	1	1	3	2	1	1	2	3	1	367
4990175	Rhyzobius lophanthae	Animalia	Insecta	33		1	1	1	1	3	3	1	1	1	1	1	1	1	216
8207952	Matthiola incana (L.) R.Br.	Plantae	Magnoliopsida	33		1	1	1	1	3	3	1	1	1	1	1	1	6	220
2706026	Miscanthus sinensis	Plantae	Liliopsida	32.5		1	1	1	1	1	1	1	1	2	2	3	3	6	196
2873995	Isotrema macrophyllum	Plantae	Magnoliopsida	32.5		1	1	1	1	1	1	1	1	2	2	3	3	6	220
2876049	Corylus maxima	Plantae	Magnoliopsida	32.5		3	3	2	2	0	0	2	2	0	0	0	0	6	220
2772174	Muscari armeniacum	Plantae	Liliopsida	32		1	1	1	1	2	2	2	2	1	1	1	1	6	196
2931104	Solanum pseudocapsicum	Plantae	Magnoliopsida	32		1	1	1	1	2	2	2	2	1	1	1	1	6	220
3666776	Oenothera ersteinensis	Plantae	Magnoliopsida	32		1	1	1	1	1	1	1	1	3	2	2	2	6	220
5567694	Bergenia crassifolia	Plantae	Magnoliopsida	32		1	1	1	1	2	2	2	2	1	1	1	1	6	220
7307327	Agastache rugosa	Plantae	Magnoliopsida	32		1	1	1	1	1	1	1	1	3	2	2	2	6	220
2888439	Papaver somniferum	Plantae	Magnoliopsida	31.5	1.174880521121957	0	3	0	3	0	3	0	3	0	3	0	3	6	220
1626096	Ceratitis capitata	Animalia	Insecta	31.5				3	3			3	3			3	3	1	216
1702101	Anacridium aegyptium	Animalia	Insecta	31.5				3	3			3	3			3	3	1	216
2685552	Abies nordmanniana	Plantae	Pinopsida	31.5		3	2	3	2	0	0	1	1	0	0	1	1	6	194
4201688	Phedimus kamtschaticus	Plantae	Magnoliopsida	31.5		0	0	3	3	0	0	3	3	0	0	3	3	6	220
4485843	Halyomorpha halys	Animalia	Insecta	31.5				3	3			3	3			3	3	1	216
3032611	Darmera peltata	Plantae	Magnoliopsida	31		1	1	1	1	1	1	3	3	1	1	1	1	6	220
5559837	Cymbalaria pallida	Plantae	Magnoliopsida	31		1	1	1	1	1	3	1	3	1	1	1	1	6	220
7156971	Oxalis triangularis	Plantae	Magnoliopsida	31		1	1	1	1	1	1	3	3	1	1	1	1	6	220
3025617	Cotoneaster horizontalis	Plantae	Magnoliopsida	30.5	0.8224410157677456	2	0	2	1	2	0	2	1	2	0	2	0	6	220
2474051	Alectoris rufa	Animalia	Aves	30.5	0.8223184921485651	1	1	2	0	1	1	2	0	2	2	3	0	1	212
3152583	Hibiscus syriacus	Plantae	Magnoliopsida	30	1.0069271905805794	1	1	0	1	3	1	0	3	2	1	0	3	6	220
5219858	Ondatra zibethicus	Animalia	Mammalia	30	0.8941955099031774	1	3	0	1	1	3	0	1	1	3	0	1	1	359
3026162	Cotoneaster franchetii	Plantae	Magnoliopsida	30	0.7145815064285671	1	1	1	0	3	2	1	0	2	2	1	0	6	220
2480350	Pelecanus onocrotalus	Animalia	Aves	30		1	1	1	1	1	1	1	1	2	2	2	2	1	212
2890739	Geranium versicolor	Plantae	Magnoliopsida	30		1	1	1	1	1	1	2	2	1	1	2	2	6	220
2927303	Lavandula stoechas	Plantae	Magnoliopsida	30		1	1	1	1	1	1	2	2	1	1	2	2	6	220
2927727	Phlox subulata	Plantae	Magnoliopsida	30		1	1	1	1	1	1	2	2	1	1	2	2	6	220
2928761	Nicotiana alata	Plantae	Magnoliopsida	30		1	1	1	1	1	1	2	2	1	1	2	2	6	220
4201695	Phedimus hybridus	Plantae	Magnoliopsida	30		1	1	1	1	1	1	1	1	2	2	2	2	6	220
4259350	Tilia tomentosa	Plantae	Magnoliopsida	30		1	1	1	1	1	1	1	1	2	2	2	2	6	220
5199161	Hypania invalida	Animalia	Polychaeta	30		1	1	1	1	1	1	1	1	2	2	2	2	1	256
6157035	Trachemys scripta troostii	Animalia	Testudines	30		1	1	1	1	1	1	1	1	2	2	2	2	1	11418114
7062200	Trachemys scripta scripta	Animalia	Testudines	30		1	1	1	1	1	1	1	1	2	2	2	2	1	11418114
7294681	Pulmonaria longifolia	Plantae	Magnoliopsida	30		1	1	1	1	1	1	1	1	2	2	2	2	6	220
8909595	Faxonius limosus	Animalia	Malacostraca	29.5	0.9551660058850177	2	1	1	1	2	1	1	1	1	1	1	1	1	229
3172291	Ligustrum ovalifolium	Plantae	Magnoliopsida	29.5	0.7759736077788744	2	1	1	0	3	1	1	0	2	1	1	0	6	220
3042845	Brassica oleracea	Plantae	Magnoliopsida	29.5	0.5717580672481253	2	1	1	0	3	1	1	0	2	1	1	0	6	220
4315705	Dikerogammarus villosus	Animalia	Malacostraca	29	0.9827388849821385	1	1	1	1	1	1	1	1	2	2	2	1	1	229
4038485	Reynoutria bohemica	Plantae	Magnoliopsida	29	0.5419018421950194	1	1	1	0	2	2	1	0	2	2	2	0	6	220
1421095	Ctenolepisma lineata	Animalia	Insecta	29		0	0	2	2	1	1	2	2	1	1	2	2	1	216
2455615	Pantherophis guttatus	Animalia	Squamata	29		1	1	1	1	1	1	1	1	1	1	3	3	1	11592253
3026035	Cotoneaster coriaceus	Plantae	Magnoliopsida	29		0	0	1	1	1	1	3	2	1	1	3	3	6	220
7989836	Symphytum caucasicum	Plantae	Magnoliopsida	29		1	1	1	1	1	1	2	3	1	1	1	1	6	220
2436940	Oryctolagus cuniculus	Animalia	Mammalia	28.5	0.880872473951806	2	0	2	0	2	0	2	0	2	0	3	0	1	359
2889934	Tropaeolum majus	Plantae	Magnoliopsida	28.5	0.7259968743691161	2	0	2	0	2	0	2	0	2	0	3	0	6	220
7671397	Phuopsis stylosa	Plantae	Magnoliopsida	28.5		1	1	2	2	1	1	1	1	1	1	1	1	6	220
10902460	Salvia rosmarinus	Plantae	Magnoliopsida	28	0.7780127176308609	1	1	1	0	2	3	2	0	1	1	1	0	6	220
3000406	Stranvaesia davidiana	Plantae	Magnoliopsida	28		0	0	1	1	1	1	3	2	1	1	3	2	6	220
4497054	Andricus lignicolus	Animalia	Insecta	28		3	3	2	2	0	0	0	0	0	0	1	1	1	216
2985863	Hylotelephium spectabile	Plantae	Magnoliopsida	27.5	0.6389430786464031	1	1	1	0	2	2	2	0	1	1	2	0	6	220
2480454	Haliaeetus vocifer	Animalia	Aves	27.5		0	0	3	3	1	1	1	1	1	1	1	1	1	212
9508460	Mareca sibilatrix	Animalia	Aves	27	0.8911995540100257	2	0	2	0	2	0	2	0	2	0	2	0	1	212
5284827	Picea sitchensis	Plantae	Pinopsida	27	0.8332349725533378	2	0	2	0	2	0	2	0	2	0	2	0	6	194
5598915	Lonicera pileata	Plantae	Magnoliopsida	27	0.8190021920504562	2	0	2	0	2	0	2	0	2	0	2	0	6	220
3067891	Euphorbia prostrata	Plantae	Magnoliopsida	27	0.8060764005240383	1	0	2	1	2	0	3	1	1	0	1	1	6	220
5284809	Pinus nigra	Plantae	Pinopsida	27	0.7657803387853072	2	0	2	0	2	0	2	0	2	0	2	0	6	194
5358907	Trifolium alexandrinum	Plantae	Magnoliopsida	27	0.7249178710125033	1	1	2	0	1	1	1	0	2	2	2	0	6	220
1346919	Isodontia mexicana	Animalia	Insecta	27				2	2			3	3			3	3	1	216
2297108	Milax gagates	Animalia	Gastropoda	27				2	2			3	3			3	3	1	225
4568269	Paralaoma servilis	Animalia	Gastropoda	27				2	2			3	3			3	3	1	225
2686157	Larix kaempferi	Plantae	Pinopsida	26.5	0.8828688530573304	1	1	1	0	1	1	2	0	2	2	2	0	6	194
1031742	Dorypteryx domestica	Animalia	Insecta	26.5				3	3			3	3			1	1	1	216
2095283	Pseudococcus longispinus	Animalia	Insecta	26.5				3	3			3	3			1	1	1	216
2925496	Verbena rigida	Plantae	Magnoliopsida	26.5				3	3			3	3			1	1	6	220
2927744	Phlox paniculata	Plantae	Magnoliopsida	26.5		1	1	1	1	1	1	1	1	1	1	2	2	6	220
5284231	Metasequoia glyptostroboides	Plantae	Pinopsida	26.5				3	3			3	3			1	1	6	194
7332415	Chaenorhinum origanifolium	Plantae	Magnoliopsida	26.5				3	3			3	3			1	1	6	220
7332416	Chaenorhinum origanifolium origanifolium	Plantae	Magnoliopsida	26.5				3	3			3	3			1	1	6	220
10786206	Rhaphiolepis bibas	Plantae	Magnoliopsida	26.5		1	1	1	1	1	1	1	1	1	1	2	2	6	220
2988188	Pyracantha coccinea	Plantae	Magnoliopsida	26	0.7809302613565033	1	0	1	0	3	0	3	0	2	0	2	0	6	220
5298765	Iris foetidissima	Plantae	Liliopsida	26		0	0	3	2	0	0	1	1	1	1	3	3	6	196
6362904	Populus trichocarpa	Plantae	Magnoliopsida	25.5	0.8396852080655515	2	0	1	1	2	0	1	1	2	0	1	1	6	220
3664589	Oenothera lindheimeri	Plantae	Magnoliopsida	25.5				2	2			3	3			2	3	6	220
3147018	Erigeron floribundus	Plantae	Magnoliopsida	25	0.4826666535870078	1	1	1	0	1	1	3	0	1	1	2	0	6	220
7915783	Oenothera fallax	Plantae	Magnoliopsida	24.5	0.5122666189924042	1	1	1	0	1	1	1	0	2	2	2	0	6	220
2879098	Quercus ilex	Plantae	Magnoliopsida	24.5				3	3			1	1			3	3	6	220
2677047	Orthodontium lineare	Plantae	Bryopsida	24	0.9250232435303081	1	1	1	1	1	1	1	1	1	1	1	1	6	327
4201607	Phedimus spurius	Plantae	Magnoliopsida	24	0.9136470100091465	1	1	1	1	1	1	1	1	1	1	1	1	6	220
3033865	Mahonia aquifolium	Plantae	Magnoliopsida	24	0.8705280174123489	1	1	1	1	1	1	1	1	1	1	1	1	6	220
8190077	Populus canadensis	Plantae	Magnoliopsida	24	0.6963811165852816	1	1	1	0	2	1	1	0	2	1	1	0	6	220
3025896	Cotoneaster dielsianus	Plantae	Magnoliopsida	24	0.6350813040534494	1	1	1	1	1	1	1	1	1	1	1	1	6	220
1016841	Orthomorpha coarctata	Animalia	Diplopoda	24		1	1	1	1	1	1	1	1	1	1	1	1	1	361
1119292	Morimus asper	Animalia	Insecta	24		1	1	1	1	1	1	1	1	1	1	1	1	1	216
1309652	Dryocosmus kuriphilus	Animalia	Insecta	24		1	1	1	1	1	1	1	1	1	1	1	1	1	216
1651430	Aedes albopictus	Animalia	Insecta	24		1	1	1	1	1	1	1	1	1	1	1	1	1	216
1652212	Aedes japonicus	Animalia	Insecta	24		1	1	1	1	1	1	1	1	1	1	1	1	1	216
2020779	Buchananiella continua	Animalia	Insecta	24		1	1	1	1	1	1	1	1	1	1	1	1	1	216
2091932	Pulvinaria hydrangeae	Animalia	Insecta	24		1	1	1	1	1	1	1	1	1	1	1	1	1	216
2128482	Colomerus vitis	Animalia	Arachnida	24		1	1	1	1	1	1	1	1	1	1	1	1	1	367
2217982	Crangonyx pseudogracilis	Animalia	Malacostraca	24		1	1	1	1	1	1	1	1	1	1	1	1	1	229
2220312	Hemimysis anomala	Animalia	Malacostraca	24		1	1	1	1	1	1	1	1	1	1	1	1	1	229
2220347	Limnomysis benedeni	Animalia	Malacostraca	24		1	1	1	1	1	1	1	1	1	1	1	1	1	229
2287073	Dreissena bugensis	Animalia	Bivalvia	24		1	1	1	1	1	1	1	1	1	1	1	1	1	137
2362881	Leucaspius delineatus	Animalia		24		1	1	1	1	1	1	1	1	1	1	1	1	1	
2427091	Lithobates catesbeianus	Animalia	Amphibia	24		1	1	1	1	1	1	1	1	1	1	1	1	1	131
2498396	Dendrocygna viduata	Animalia	Aves	24		1	1	1	1	1	1	1	1	1	1	1	1	1	212
2498408	Lophodytes cucullatus	Animalia	Aves	24		1	1	1	1	1	1	1	1	1	1	1	1	1	212
2687182	Tsuga canadensis	Plantae	Pinopsida	24		1	1	1	1	1	1	1	1	1	1	1	1	6	194
2700768	Luzula nivea	Plantae	Liliopsida	24		1	1	1	1	1	1	1	1	1	1	1	1	6	196
2705512	Glyceria canadensis	Plantae	Liliopsida	24		1	1	1	1	1	1	1	1	1	1	1	1	6	196
2716838	Eleocharis engelmannii	Plantae	Liliopsida	24		1	1	1	1	1	1	1	1	1	1	1	1	6	196
2717402	Eleocharis mamillata austriaca	Plantae	Liliopsida	24		1	1	1	1	1	1	1	1	1	1	1	1	6	196
2717467	Eleocharis obtusa	Plantae	Liliopsida	24		1	1	1	1	1	1	1	1	1	1	1	1	6	196
2720120	Scirpus atrovirens	Plantae	Liliopsida	24		1	1	1	1	1	1	1	1	1	1	1	1	6	196
2720269	Scirpus georgianus	Plantae	Liliopsida	24		1	1	1	1	1	1	1	1	1	1	1	1	6	196
2747718	Crocus speciosus	Plantae	Liliopsida	24		1	1	1	1	1	1	1	1	1	1	1	1	6	196
2772885	Ornithogalum pyramidale	Plantae	Liliopsida	24		1	1	1	1	1	1	1	1	1	1	1	1	6	196
2857449	Allium ramosum	Plantae	Liliopsida	24		1	1	1	1	1	1	1	1	1	1	1	1	6	196
2858909	Narcissus jonquilla	Plantae	Liliopsida	24		1	1	1	1	1	1	1	1	1	1	1	1	6	196
2869301	Lysichiton camtschatcensis	Plantae	Liliopsida	24		1	1	1	1	1	1	1	1	1	1	1	1	6	196
2874512	Cucurbita ficifolia	Plantae	Magnoliopsida	24		1	1	1	1	1	1	1	1	1	1	1	1	6	220
2882841	Vaccinium macrocarpon	Plantae	Magnoliopsida	24		1	1	1	1	1	1	1	1	1	1	1	1	6	220
2888867	Rheum rhabarbarum	Plantae	Magnoliopsida	24		1	1	1	1	1	1	1	1	1	1	1	1	6	220
2888948	Rumex alpinus	Plantae	Magnoliopsida	24		1	1	1	1	1	1	1	1	1	1	1	1	6	220
2889980	Geranium magnificum	Plantae	Magnoliopsida	24		1	1	1	1	1	1	1	1	1	1	1	1	6	220
2928859	Petunia atkinsiana	Plantae	Magnoliopsida	24		1	1	1	1	1	1	1	1	1	1	1	1	6	220
2987948	Neillia tanakae	Plantae	Magnoliopsida	24		1	1	1	1	1	1	1	1	1	1	1	1	6	220
3026024	Cotoneaster ascendens	Plantae	Magnoliopsida	24		1	1	1	1	1	1	1	1	1	1	1	1	6	220
3064221	Euphorbia serpens	Plantae	Magnoliopsida	24		0	0	3	3	0	0	3	3	0	0	0	0	6	220
3083486	Paeonia lactiflora	Plantae	Magnoliopsida	24		1	1	1	1	1	1	1	1	1	1	1	1	6	220
3112361	Cynara scolymus	Plantae	Magnoliopsida	24		1	1	1	1	1	1	1	1	1	1	1	1	6	220
3171952	Verbascum speciosum	Plantae	Magnoliopsida	24		1	1	1	1	1	1	1	1	1	1	1	1	6	220
3189836	Acer pensylvanicum	Plantae	Magnoliopsida	24		1	1	1	1	1	1	1	1	1	1	1	1	6	220
3190544	Rhus glabra	Plantae	Magnoliopsida	24		1	1	1	1	1	1	1	1	1	1	1	1	6	220
3642531	Chaerophyllum aureum	Plantae	Magnoliopsida	24		1	1	1	1	1	1	1	1	1	1	1	1	6	220
3666059	Oenothera glazioviana rubricalyx	Plantae	Magnoliopsida	24		1	1	1	1	1	1	1	1	1	1	1	1	6	220
4486382	Orsillus depressus	Animalia	Insecta	24		1	1	1	1	1	1	1	1	1	1	1	1	1	216
4990176	Rhyzobius forestieri	Animalia	Insecta	24		1	1	1	1	1	1	1	1	1	1	1	1	1	216
5177089	Jaera istri	Animalia	Malacostraca	24		1	1	1	1	1	1	1	1	1	1	1	1	1	229
5229205	Eudocimus albus	Animalia	Aves	24		1	1	1	1	1	1	1	1	1	1	1	1	1	212
5353590	Cercis siliquastrum	Plantae	Magnoliopsida	24		1	1	1	1	1	1	1	1	1	1	1	1	6	220
5362004	Sedum sarmentosum	Plantae	Magnoliopsida	24		1	1	1	1	1	1	1	1	1	1	1	1	6	220
5392145	Bidens radiata	Plantae	Magnoliopsida	24		1	1	1	1	1	1	1	1	1	1	1	1	6	220
5403605	Crepis sancta	Plantae	Magnoliopsida	24		1	1	1	1	1	1	1	1	1	1	1	1	6	220
5411392	Campanula lactiflora	Plantae	Magnoliopsida	24		1	1	1	1	1	1	1	1	1	1	1	1	6	220
5587240	Silene vulgaris vulgaris	Plantae	Magnoliopsida	24		1	1	1	1	1	1	1	1	1	1	1	1	6	220
5609603	Nepeta subsessilis	Plantae	Magnoliopsida	24		1	1	1	1	1	1	1	1	1	1	1	1	6	220
5671747	Cenchrus alopecuroides	Plantae	Liliopsida	24		1	1	1	1	1	1	1	1	1	1	1	1	6	196
7227181	Carex muricata muricata	Plantae	Liliopsida	24		1	1	1	1	1	1	1	1	1	1	1	1	6	196
7230699	Pinus nigra nigra	Plantae	Pinopsida	24		1	1	1	1	1	1	1	1	1	1	1	1	6	194
7315286	Fumaria muralis	Plantae	Magnoliopsida	24		1	1	1	1	1	1	1	1	1	1	1	1	6	220
7334489	Sedum palmeri	Plantae	Magnoliopsida	24		1	1	1	1	1	1	1	1	1	1	1	1	6	220
7475424	Scabiosa lucida	Plantae	Magnoliopsida	24		1	1	1	1	1	1	1	1	1	1	1	1	6	220
7730307	Erythranthe lutea	Plantae	Magnoliopsida	24		1	1	1	1	1	1	1	1	1	1	1	1	6	220
8251158	Penstemon digitalis	Plantae	Magnoliopsida	24		1	1	1	1	1	1	1	1	1	1	1	1	6	220
8342911	Papaver setiferum	Plantae	Magnoliopsida	24		1	1	1	1	1	1	1	1	1	1	1	1	6	220
8599762	Aproceros leucopoda	Animalia	Insecta	24		1	1	1	1	1	1	1	1	1	1	1	1	1	216
9018536	Koenigia campanulata	Plantae	Magnoliopsida	24		1	1	1	1	1	1	1	1	1	1	1	1	6	220
9153437	Salix daphnoides	Plantae	Magnoliopsida	24		1	1	1	1	1	1	1	1	1	1	1	1	6	220
8323119	Bidens triplinervia macrantha	Plantae	Magnoliopsida	23.5		0	0	1	1	1	1	1	1	1	1	3	3	6	220
3602683	Papaver cambricum	Plantae	Magnoliopsida	23	0.8590526828814264	2	1	0	0	2	1	0	0	3	1	0	0	6	220
4314683	Chelicorophium curvispinum	Animalia	Malacostraca	22.5	0.8350241740967956	0	1	1	1	1	1	1	1	1	1	2	1	1	229
1017419	Oxidus gracilis	Animalia	Diplopoda	22.5				1	1			3	3			3	3	1	361
1997215	Blattella germanica	Animalia	Insecta	22.5				1	1			3	3			3	3	1	216
2726538	Carex muskingumensis	Plantae	Liliopsida	22.5				1	1			3	3			3	3	6	196
2888622	Viburnum plicatum	Plantae	Magnoliopsida	22.5				1	1			3	3			3	3	6	220
2888706	Kolkwitzia amabilis	Plantae	Magnoliopsida	22.5				1	1			3	3			3	3	6	220
3083680	Atriplex micrantha	Plantae	Magnoliopsida	22.5				1	1			3	3			3	3	6	220
3112364	Cynara cardunculus	Plantae	Magnoliopsida	22.5				1	1			3	3			3	3	6	220
3131614	Helichrysum italicum	Plantae	Magnoliopsida	22.5				1	1			3	3			3	3	6	220
3134867	Catananche caerulea	Plantae	Magnoliopsida	22.5				1	1			3	3			3	3	6	220
4925890	Acer tataricum ginnala	Plantae	Magnoliopsida	22.5				1	1			3	3			3	3	6	220
10801424	Salvia yangii	Plantae	Magnoliopsida	22.5				1	1			3	3			3	3	6	220
5384361	Amaranthus bouchonii	Plantae	Magnoliopsida	22	0.607033036410442	0	0	1	1	1	1	2	1	1	1	2	1	6	220
2142456	Uloborus plumipes	Animalia	Arachnida	22				2	2			3	3			1	1	1	367
3039267	Elaeagnus umbellata	Plantae	Magnoliopsida	22				2	2			3	3			1	1	6	220
4497180	Andricus aries	Animalia	Insecta	22		0	0	3	2	0	0	3	3	0	0	0	0	1	216
5561475	Chaenostoma cordatum	Plantae	Magnoliopsida	22		0	0	2	2	0	0	3	3	0	0	1	1	6	220
3021496	Prunus laurocerasus	Plantae	Magnoliopsida	21	1.0772542208634235	0	2	0	2	0	2	0	2	0	2	0	2	6	220
2479226	Psittacula krameri	Animalia	Aves	21	1.0727423513684018	0	2	0	2	0	2	0	2	0	2	0	2	1	212
2867614	Lemna minuta	Plantae	Liliopsida	21	0.8574995162100989	2	1	0	0	2	1	0	0	2	1	0	0	6	196
2157245	Steatoda grossa	Animalia	Arachnida	21		0	0	2	2	0	0	2	2	0	0	2	2	1	367
3088488	Tagetes erecta	Plantae	Magnoliopsida	21				1	1			3	3			2	3	6	220
5232428	Chloephaga picta	Animalia	Aves	21		0	0	1	1	1	1	1	1	1	1	2	2	1	212
7681436	Cytisus multiflorus	Plantae	Magnoliopsida	21				2	2			2	2			2	2	6	220
3026074	Cotoneaster salicifolius	Plantae	Magnoliopsida	20.5	0.5455032511543826	1	0	1	0	3	0	1	0	2	0	1	0	6	220
2870583	Pistia stratiotes	Plantae	Liliopsida	20				2	2			1	1			3	3	6	196
2926042	Nonea lutea	Plantae	Magnoliopsida	20				2	2			1	1			3	3	6	220
2984306	Gunnera tinctoria	Plantae	Magnoliopsida	20				1	1			3	3			2	2	6	220
3172068	Veronica cymbalaria	Plantae	Magnoliopsida	20				1	1			3	3			2	2	6	220
5284698	Cedrus deodara	Plantae	Pinopsida	20		0	0	1	1	0	0	3	3	0	0	2	2	6	194
5289666	Setaria faberi	Plantae	Liliopsida	20				2	2			2	3			1	1	6	196
6159223	Lacerta agilis	Animalia	Squamata	20		2	2	2	2	0	0	0	0	0	0	0	0	1	11592253
7400250	Platanus hispanica	Plantae	Magnoliopsida	19.5	0.800531735731201	1	0	1	0	2	0	2	0	1	0	2	0	6	220
2498034	Anser cygnoides	Animalia	Aves	19.5	0.7613040701066955	1	1	1	0	1	1	1	0	1	1	1	0	1	212
2498305	Oxyura jamaicensis	Animalia	Aves	19.5	0.6747717888799121	1	0	1	0	2	0	2	0	1	0	2	0	1	212
1622658	Rhagoletis completa	Animalia	Insecta	19.5				3	3			1	1			1	1	1	216
2495494	Geopelia cuneata	Animalia	Aves	19.5				3	3			1	1			1	1	1	212
3164340	Platycodon grandiflorus	Plantae	Magnoliopsida	19.5				3	3			1	1			1	1	6	220
5217334	Xenopus laevis	Animalia	Amphibia	19.5				2	2			3	3			0	0	1	131
5406741	Sida spinosa	Plantae	Magnoliopsida	19.5				2	2			3	3			0	0	6	220
10755213	Narcissus hispanicus hispanicus	Plantae	Liliopsida	19	0.6950122215135048	1	0	1	0	1	0	2	0	2	0	2	0	6	196
2495165	Rhea americana	Animalia	Aves	19				1	1			2	2			3	3	1	212
2704523	Cortaderia selloana	Plantae	Liliopsida	19				1	1			2	2			3	3	6	196
3040185	Populus canescens	Plantae	Magnoliopsida	18.5	0.836391355690477	2	0	1	0	1	0	1	0	2	0	1	0	6	220
2479553	Agapornis personatus	Animalia	Aves	18.5		0	0	1	1	1	1	1	1	1	1	1	1	1	212
2928034	Nemophila maculata	Plantae	Magnoliopsida	18.5		0	0	1	1	1	1	1	1	1	1	1	1	6	220
8149049	Wisteria sinensis	Plantae	Magnoliopsida	18.5		0	0	1	1	1	1	1	1	1	1	1	1	6	220
8212772	Symphoricarpos doorenbosii	Plantae	Magnoliopsida	18.5		0	0	1	1	1	1	1	1	1	1	1	1	6	220
8255921	Pulvinaria floccifera	Animalia	Insecta	18.5		0	0	1	1	1	1	1	1	1	1	1	1	1	216
9376410	Delosperma cooperi	Plantae	Magnoliopsida	18.5		0	0	1	1	1	1	1	1	1	1	1	1	6	220
7068732	Arabidopsis arenosa arenosa	Plantae	Magnoliopsida	18	0.8979894260450463	1	0	1	0	2	0	2	0	1	0	1	0	6	220
5365705	Potentilla intermedia	Plantae	Magnoliopsida	18	0.8333459523238984	1	0	1	0	2	0	1	0	2	0	1	0	6	220
3003244	Rosa multiflora Thunb.	Plantae	Magnoliopsida	18	0.7525185344261935	1	0	1	1	1	0	1	1	1	0	1	1	6	220
5851603	Leuciscus aspius	Animalia		18		1	1	0	1	1	1	0	1	1	1	0	1	1	
2876607	Alnus cordata	Plantae	Magnoliopsida	17.5	0.5960089062729226	2	0	0	0	3	0	0	0	2	0	0	0	6	220
1932752	Cacyreus marshalli	Animalia	Insecta	17.5				1	1			3	3			1	1	1	216
2037991	Liguropia juniperi	Animalia	Insecta	17.5				1	1			3	3			1	1	1	216
2498094	Anas capensis	Animalia	Aves	17.5				2	2			1	1			2	2	1	212
2859597	Ipheion uniflorum	Plantae	Liliopsida	17.5				1	1			3	3			1	1	6	196
3083488	Paeonia officinalis	Plantae	Magnoliopsida	17.5				1	1			3	3			1	1	6	220
3111754	Zinnia elegans	Plantae	Magnoliopsida	17.5				2	2			1	1			2	2	6	220
3902360	Mentha cervina	Plantae	Magnoliopsida	17.5				1	1			3	3			1	1	6	220
4067302	Symphytum grandiflorum	Plantae	Magnoliopsida	17.5				1	1			3	3			1	1	6	220
4486365	Nysius huttoni	Animalia	Insecta	17.5		0	0	1	1	0	0	3	3	0	0	1	1	1	216
4497124	Andricus quercuscalicis	Animalia	Insecta	17.5		0	0	1	1	0	0	2	2	1	1	1	1	1	216
5151589	Blatta orientalis	Animalia	Insecta	17.5				1	1			3	3			1	1	1	216
5384390	Amaranthus cruentus	Plantae	Magnoliopsida	17.5		0	0	1	1	0	0	3	3	0	0	1	1	6	220
8302634	Oenothera suaveolens	Plantae	Magnoliopsida	17.5				1	1			3	3			1	1	6	220
9606290	Meleagris gallopavo	Animalia	Aves	17.5		0	0	1	1	0	0	3	3	0	0	1	1	1	212
2880539	Quercus rubra	Plantae	Magnoliopsida	16.5	0.9799616665638919	0	1	1	1	0	1	1	1	0	1	1	1	6	220
2498387	Aix sponsa	Animalia	Aves	16.5	0.9609206311468286	1	0	0	1	2	0	0	1	2	0	0	1	1	212
1718308	Acheta domesticus	Animalia	Insecta	16.5	0.9351654690959413	2	0	1	0	1	0	1	0	1	0	1	0	1	216
2722515	Carex morrowii	Plantae	Liliopsida	16.5				1	1			2	2			2	2	6	196
2930222	Solanum americanum	Plantae	Magnoliopsida	16.5				1	1			2	2			2	2	6	220
3189843	Acer tataricum	Plantae	Magnoliopsida	16.5				1	1			2	2			2	2	6	220
2219863	Gammarus tigrinus	Animalia	Malacostraca	16		0	0	3	3	0	0	0	0	0	0	1	1	1	229
2439270	Rattus rattus	Animalia	Mammalia	16		0	0	2	2	0	0	2	2	0	0	0	0	1	359
2874515	Cucurbita maxima	Plantae	Magnoliopsida	16		0	0	2	2	0	0	2	2	0	0	0	0	6	220
2891677	Oxalis dillenii	Plantae	Magnoliopsida	16				2	2			2	2			0	0	6	220
4559541	Sinanodonta woodiana	Animalia	Bivalvia	16				3	3			0	0			1	1	1	137
1722299	Gryllodes sigillatus	Animalia	Insecta	15.5				1	1			1	1			3	3	1	216
2294284	Otala lactea	Animalia	Gastropoda	15.5				1	1			1	1			3	3	1	225
2437619	Dolichotis patagonum	Animalia	Mammalia	15.5				1	1			1	1			3	3	1	359
2474936	Anthropoides virgo	Animalia	Aves	15.5		0	0	1	1	0	0	1	1	1	1	2	1	1	212
2479407	Myiopsitta monachus	Animalia	Aves	15.5		0	0	1	1	0	0	1	1	0	0	3	3	1	212
2726360	Carex grayi	Plantae	Liliopsida	15.5				1	1			1	1			3	3	6	196
2769622	Muscari azureum	Plantae	Liliopsida	15.5				1	1			1	1			3	3	6	196
2856457	Allium triquetrum	Plantae	Liliopsida	15.5				1	1			1	1			3	3	6	196
2888636	Symphoricarpos orbiculatus	Plantae	Magnoliopsida	15.5		0	0	1	1	0	0	1	1	0	0	3	3	6	220
2928238	Phacelia campanularia	Plantae	Magnoliopsida	15.5				1	1			1	1			3	3	6	220
3032653	Heuchera sanguinea	Plantae	Magnoliopsida	15.5		0	0	1	1	0	0	1	1	0	0	3	3	6	220
3104314	Liatris spicata	Plantae	Magnoliopsida	15.5				1	1			1	1			3	3	6	220
3172549	Campsis radicans	Plantae	Magnoliopsida	15.5				1	1			1	1			3	3	6	220
4129181	Festuca ambigua	Plantae	Liliopsida	15.5		0	0	1	1	0	0	1	1	0	0	3	3	6	196
5411453	Campanula medium	Plantae	Magnoliopsida	15.5		0	0	1	1	0	0	1	1	0	0	3	3	6	220
7267630	Dianthus giganteus	Plantae	Magnoliopsida	15.5				1	1			1	1			3	3	6	220
7818643	Prunus armeniaca	Plantae	Magnoliopsida	15.5		0	0	1	1	0	0	1	1	0	0	3	3	6	220
8362005	Sasa palmata	Plantae	Liliopsida	15.5		0	0	1	1	0	0	1	1	0	0	3	3	6	196
2169430	Macaroeris nidicolens	Animalia	Arachnida	15				2	2			1	1			1	1	1	367
2475648	Dacelo novaeguineae	Animalia	Aves	15				2	2			1	1			1	1	1	212
2498046	Chenonetta jubata	Animalia	Aves	15		0	0	2	2	0	0	1	1	0	0	1	1	1	212
2650829	Cyrtomium falcatum	Plantae	Polypodiopsida	15		0	0	1	1	0	0	3	3	0	0	0	0	6	7228684
2985995	Hydrangea paniculata	Plantae	Magnoliopsida	15		0	0	1	1	0	0	3	3	0	0	0	0	6	220
3105768	Sonchus tenerrimus	Plantae	Magnoliopsida	15		0	0	1	1	0	0	3	3	0	0	0	0	6	220
3586046	Gladiolus hortulanus	Plantae	Liliopsida	15		0	0	1	1	0	0	3	3	0	0	0	0	6	196
3631129	Eryngium giganteum	Plantae	Magnoliopsida	15				1	1			3	3			0	0	6	220
5300102	Gagea pratensis	Plantae	Liliopsida	15		0	0	1	1	0	0	3	3	0	0	0	0	6	196
5332305	Ostrya carpinifolia	Plantae	Magnoliopsida	15				2	2			1	1			1	1	6	220
7102937	Euonymus japonicus	Plantae	Magnoliopsida	15				2	2			1	1			1	1	6	220
7823743	Malva maroccana	Plantae	Magnoliopsida	15				1	1			3	3			0	0	6	220
4933624	Inula racemosa	Plantae	Magnoliopsida	14	0.244063940484099	0	0	1	1	0	0	1	1	1	1	1	1	6	220
1043717	Cryptolaemus montrouzieri	Animalia	Insecta	14		0	0	0	0	1	1	1	1	1	1	1	1	1	216
1910629	Hypolimnas bolina	Animalia	Insecta	14		0	0	0	0	1	1	1	1	1	1	1	1	1	216
2402129	Acipenser gueldenstaedtii	Animalia		14		0	0	0	0	1	1	1	1	1	1	1	1	1	
2479329	Platycercus eximius	Animalia	Aves	14		0	0	0	0	1	1	1	1	1	1	1	1	1	212
2481092	Phalcoboenus megalopterus	Animalia	Aves	14		0	0	0	0	1	1	1	1	1	1	1	1	1	212
2706209	Pseudosasa japonica	Plantae	Liliopsida	14		0	0	0	0	1	1	1	1	1	1	1	1	6	196
2882849	Vaccinium corymbosum	Plantae	Magnoliopsida	14		0	0	0	0	1	1	1	1	1	1	1	1	6	220
3027791	Alchemilla micans	Plantae	Magnoliopsida	14		0	0	0	0	1	1	1	1	1	1	1	1	6	220
3169331	Lysimachia clethroides	Plantae	Magnoliopsida	14		0	0	3	2	0	0	0	0	0	0	1	1	6	220
3663237	Cornus sanguinea australis	Plantae	Magnoliopsida	14		0	0	1	1	0	0	1	1	1	1	1	1	6	220
4352332	Phoenicopterus roseus	Animalia	Aves	14		0	0	0	0	1	1	1	1	1	1	1	1	1	212
4486297	Arocatus longiceps	Animalia	Insecta	14		0	0	0	0	1	1	1	1	1	1	1	1	1	216
5130444	Junonia iphita	Animalia	Insecta	14		0	0	0	0	1	1	1	1	1	1	1	1	1	216
5284950	Picea omorika	Plantae	Pinopsida	14		0	0	0	0	1	1	1	1	1	1	1	1	6	194
5334247	Lonicera etrusca	Plantae	Magnoliopsida	14		0	0	0	0	1	1	1	1	1	1	1	1	6	220
5341187	Myosotis alpestris	Plantae	Magnoliopsida	14		0	0	0	0	1	1	1	1	1	1	1	1	6	220
5387396	Aster alpinus	Plantae	Magnoliopsida	14		0	0	0	0	1	1	1	1	1	1	1	1	6	220
5420991	Ludwigia peploides	Plantae	Magnoliopsida	14		0	0	1	1	0	0	2	2	0	0	1	1	6	220
5421180	Koelreuteria paniculata	Plantae	Magnoliopsida	14		0	0	0	0	1	1	1	1	1	1	1	1	6	220
5855746	Meretrix lyrata	Animalia	Bivalvia	14		0	0	0	0	1	1	1	1	1	1	1	1	1	137
7322292	Oenothera cambrica	Plantae	Magnoliopsida	14		0	0	0	0	1	1	1	1	1	1	1	1	6	220
9228111	Fumaria bastardii	Plantae	Magnoliopsida	14		0	0	1	1	0	0	1	1	1	1	1	1	6	220
8200663	Cymbalaria muralis	Plantae	Magnoliopsida	13.5	0.9408887868343939	1	0	1	0	1	0	1	0	1	0	1	0	6	220
2498388	Aix galericulata	Animalia	Aves	13.5	0.9098769179415488	1	0	1	0	1	0	1	0	1	0	1	0	1	212
5362573	Pyrus communis	Plantae	Magnoliopsida	13.5	0.8497411897013862	1	0	1	0	1	0	1	0	1	0	1	0	6	220
6109535	Trifolium hybridum	Plantae	Magnoliopsida	13.5	0.8367110768444095	1	0	1	0	1	0	1	0	1	0	1	0	6	220
3189866	Acer negundo	Plantae	Magnoliopsida	13.5	0.7988840988308819	1	1	0	0	1	1	0	0	1	1	0	0	6	220
2890541	Geranium purpureum	Plantae	Magnoliopsida	13.5	0.798572358144958	1	0	1	0	1	0	1	0	1	0	1	0	6	220
2498344	Cygnus atratus	Animalia	Aves	13.5	0.798470144491635	1	1	0	0	1	1	0	0	1	1	0	0	1	212
2495414	Columba livia	Animalia	Aves	13.5	0.717442969579622	1	0	1	0	1	0	1	0	1	0	1	0	1	212
2379245	Proterorhinus semilunaris	Animalia		13.5	0.0178929977133358	1	0	1	0	1	0	1	0	1	0	1	0	1	
2437282	Tamiasciurus hudsonicus	Animalia	Mammalia	13.5				3	3			0	0			0	0	1	359
2516075	Cumminsiella mirabilissima	Fungi	Pucciniomycetes	13.5				3	3			0	0			0	0	5	270
8183217	Salix gmelinii	Plantae	Magnoliopsida	13.5		0	0	3	3	0	0	0	0	0	0	0	0	6	220
1749580	Phyllocnistis citrella	Animalia	Insecta	13				1	1			1	1			2	2	1	216
2781103	Hemerocallis lilioasphodelus	Plantae	Liliopsida	13		0	0	1	1	0	0	1	1	0	0	2	2	6	196
2889037	Rumex rugosus	Plantae	Magnoliopsida	13		0	0	1	1	0	0	1	1	0	0	2	2	6	220
2891755	Oxalis latifolia	Plantae	Magnoliopsida	13		0	0	1	1	0	0	1	1	0	0	2	2	6	220
2925874	Amsinckia lycopsoides Lehm.	Plantae	Magnoliopsida	13		0	0	1	1	0	0	1	1	0	0	2	2	6	220
3133446	Ammobium alatum	Plantae	Magnoliopsida	13				1	1			1	1			2	2	6	220
5229128	Himantopus mexicanus	Animalia	Aves	13				1	1			1	1			2	2	1	212
9496048	Spatula hottentota	Animalia	Aves	13				1	1			2	3			0	0	1	212
1690429	Meconema meridionale	Animalia	Insecta	12.5	0.7051296285285865	2	0	0	0	1	0	0	0	2	0	0	0	1	216
2889010	Rumex cristatus	Plantae	Magnoliopsida	11.5				1	1			2	2			0	0	6	220
5361888	Morus nigra	Plantae	Magnoliopsida	11.5		0	0	1	1	0	0	2	2	0	0	0	0	6	220
7225712	Calystegia silvatica silvatica	Plantae	Magnoliopsida	11.5				3	2			0	0			0	0	6	220
7262908	Acer cappadocicum	Plantae	Magnoliopsida	11.5		0	0	1	1	0	0	2	2	0	0	0	0	6	220
3054368	Juglans regia	Plantae	Magnoliopsida	10.5	0.840200806359585	0	0	1	1	0	0	1	1	0	0	1	1	6	220
1371011	Megastigmus spermotrophus	Animalia	Insecta	10.5				1	1			1	1			1	1	1	216
2038171	Opsius stactogalus	Animalia	Insecta	10.5		0	0	1	1	0	0	1	1	0	0	1	1	1	216
2049732	Adelges cooleyi	Animalia	Insecta	10.5		0	0	1	1	0	0	1	1	0	0	1	1	1	216
2174528	Saitis barbipes	Animalia	Arachnida	10.5				1	1			1	1			1	1	1	367
2443079	Graptemys ouachitensis	Animalia	Testudines	10.5		0	0	1	1	0	0	1	1	0	0	1	1	1	11418114
2475364	Coracias cyanogaster	Animalia	Aves	10.5				1	1			1	1			1	1	1	212
2479964	Poicephalus senegalus	Animalia	Aves	10.5				1	1			1	1			1	1	1	212
2481915	Ciconia abdimii	Animalia	Aves	10.5				1	1			1	1			1	1	1	212
2486151	Pycnonotus jocosus	Animalia	Aves	10.5				1	1			1	1			1	1	1	212
2490384	Cardinalis cardinalis	Animalia	Aves	10.5				1	1			1	1			1	1	1	212
2747750	Crocus luteus	Plantae	Liliopsida	10.5				1	1			1	1			1	1	6	196
2752849	Erythronium dens-canis	Plantae	Liliopsida	10.5				1	1			1	1			1	1	6	196
2855823	Allium nigrum	Plantae	Liliopsida	10.5				1	1			1	1			1	1	6	196
2856920	Allium hollandicum	Plantae	Liliopsida	10.5				1	1			1	1			1	1	6	196
2874569	Cucumis sativus	Plantae	Magnoliopsida	10.5				1	1			1	1			1	1	6	220
2888437	Papaver orientale	Plantae	Magnoliopsida	10.5				1	1			1	1			1	1	6	220
2888564	Lamprocapnos spectabilis	Plantae	Magnoliopsida	10.5		0	0	1	1	0	0	1	1	0	0	1	1	6	220
2928861	Petunia integrifolia	Plantae	Magnoliopsida	10.5				1	1			1	1			1	1	6	220
2964167	Lupinus albus	Plantae	Magnoliopsida	10.5				1	1			1	1			1	1	6	220
3015457	Crataegus persimilis	Plantae	Magnoliopsida	10.5				1	1			1	1			1	1	6	220
3083935	Chenopodium quinoa	Plantae	Magnoliopsida	10.5				1	1			1	1			1	1	6	220
3105508	Andryala integrifolia	Plantae	Magnoliopsida	10.5				1	1			1	1			1	1	6	220
3121088	Artemisia alba	Plantae	Magnoliopsida	10.5		0	0	1	1	0	0	1	1	0	0	1	1	6	220
3150935	Echinacea purpurea	Plantae	Magnoliopsida	10.5				1	1			1	1			1	1	6	220
3188859	Oenothera speciosa	Plantae	Magnoliopsida	10.5		0	0	1	1	0	0	1	1	0	0	1	1	6	220
3853033	Neillia incisa	Plantae	Magnoliopsida	10.5				1	1			1	1			1	1	6	220
3896282	Teucrium hircanicum	Plantae	Magnoliopsida	10.5				1	1			1	1			1	1	6	220
3933415	Malva multiflora	Plantae	Magnoliopsida	10.5				1	1			1	1			1	1	6	220
3981814	Berberis wilsoniae	Plantae	Magnoliopsida	10.5				1	1			1	1			1	1	6	220
4427283	Anthrenocerus australis	Animalia	Insecta	10.5				1	1			1	1			1	1	1	216
5227747	Lophophorus impejanus	Animalia	Aves	10.5				1	1			1	1			1	1	1	212
5227775	Phasianus versicolor	Animalia	Aves	10.5				1	1			1	1			1	1	1	212
5229134	Vanellus miles	Animalia	Aves	10.5				1	1			1	1			1	1	1	212
5361977	Sedum mexicanum	Plantae	Magnoliopsida	10.5				1	1			1	1			1	1	6	220
5366327	Potentilla montana	Plantae	Magnoliopsida	10.5		0	0	1	1	0	0	1	1	0	0	1	1	6	220
5376035	Moricandia arvensis	Plantae	Magnoliopsida	10.5				1	1			1	1			1	1	6	220
5377395	Matthiola longipetala	Plantae	Magnoliopsida	10.5				1	1			1	1			1	1	6	220
5414991	Digitalis ferruginea	Plantae	Magnoliopsida	10.5				1	1			1	1			1	1	6	220
5584240	Silene schafta	Plantae	Magnoliopsida	10.5				1	1			1	1			1	1	6	220
5774728	Eriophyes pyri	Animalia	Arachnida	10.5				1	1			1	1			1	1	1	367
5828216	Cenchrus flaccidus	Plantae	Liliopsida	10.5				1	1			1	1			1	1	6	196
5879783	Thaumatotibia leucotreta	Animalia	Insecta	10.5				1	1			1	1			1	1	1	216
6101223	Spilopelia senegalensis	Animalia	Aves	10.5		0	0	1	1	0	0	1	1	0	0	1	1	1	212
6363863	Arenaria montana	Plantae	Magnoliopsida	10.5				1	1			1	1			1	1	6	220
6387003	Equisetum praealtum	Plantae	Polypodiopsida	10.5		0	0	1	1	0	0	1	1	0	0	1	1	6	7228684
7325877	Fraxinus angustifolia	Plantae	Magnoliopsida	10.5		0	0	1	1	0	0	1	1	0	0	1	1	6	220
7699567	Hymenoscyphus pseudoalbidus	Fungi	Leotiomycetes	10.5		0	0	1	1	0	0	1	1	0	0	1	1	5	179
7763534	Lauritrioza alacris	Animalia	Insecta	10.5				1	1			1	1			1	1	1	216
8323485	Haemorhous mexicanus	Animalia	Aves	10.5				1	1			1	1			1	1	1	212
8408816	Colchicum byzantinum	Plantae	Liliopsida	10.5				1	1			1	1			1	1	6	196
8741260	Macrosaccus robiniella	Animalia	Insecta	10.5		0	0	1	1	0	0	1	1	0	0	1	1	1	216
8993502	Silene italica	Plantae	Magnoliopsida	10.5				1	1			1	1			1	1	6	220
9306058	Karpatiosorbus latifolia	Plantae	Magnoliopsida	10.5		0	0	1	1	0	0	1	1	0	0	1	1	6	220
9508942	Origanum vulgare hirtum	Plantae	Magnoliopsida	10.5				1	1			1	1			1	1	6	220
7358677	Populus nigra italica	Plantae	Magnoliopsida	9.5	0.5638820265095544	0	0	1	0	0	0	1	0	1	1	1	0	6	220
1031400	Ectopsocus briggsi	Animalia	Insecta	9		0	0	2	2	0	0	0	0	0	0	0	0	1	216
1751299	Bucculatrix ainsliella	Animalia	Insecta	9				2	2			0	0			0	0	1	216
8356787	Pourthiaea villosa	Plantae	Magnoliopsida	9		0	0	2	2	0	0	0	0	0	0	0	0	6	220
5289686	Setaria verticillata	Plantae	Liliopsida	7.5	0.799154586536392	1	0	0	0	1	0	0	0	1	0	0	0	6	196
2498035	Anser indicus	Animalia	Aves	7.5	0.6717142085788937	1	0	0	0	1	0	0	0	1	0	0	0	1	212
5367294	Potentilla recta	Plantae	Magnoliopsida	7	0.9453165225655237	0	0	0	0	0	2	0	0	0	2	0	0	6	220
7224157	Pastinaca sativa sativa	Plantae	Magnoliopsida	6	0.9181261478404823	0	0	1	0	0	0	1	0	0	0	1	0	6	220
3189815	Aesculus hippocastanum	Plantae	Magnoliopsida	6	0.883349125871744	0	0	1	0	0	0	1	0	0	0	1	0	6	220
4989904	Harmonia axyridis	Animalia	Insecta	6	0.6443987425634992	0	1	0	0	0	1	0	0	0	1	0	0	1	216
2687210	Tsuga heterophylla	Plantae	Pinopsida	6	0.5285579272641627	0	1	0	0	0	1	0	0	0	1	0	0	6	194
1873051	Cryptoblabes gnidiella	Animalia	Insecta	6				0	0			1	1			1	1	1	216
1941864	Paysandisia archon	Animalia	Insecta	6		0	0	0	0	0	0	0	0	1	1	1	1	1	216
2164198	Cheiracanthium mildei	Animalia	Arachnida	6				0	0			1	1			1	1	1	367
2437399	Callosciurus finlaysonii	Animalia	Mammalia	6				0	0			1	1			1	1	1	359
2480181	Psittacus erithacus	Animalia	Aves	6		0	0	0	0	0	0	0	0	1	1	1	1	1	212
2480352	Pelecanus rufescens	Animalia	Aves	6		0	0	0	0	0	0	0	0	1	1	1	1	1	212
2480764	Threskiornis aethiopicus	Animalia	Aves	6		0	0	0	0	0	0	0	0	1	1	1	1	1	212
2486132	Pycnonotus leucotis	Animalia	Aves	6				0	0			1	1			1	1	1	212
2498064	Anas erythrorhyncha	Animalia	Aves	6		0	0	0	0	0	0	0	0	1	1	1	1	1	212
2705286	Avena sterilis	Plantae	Liliopsida	6		0	0	0	0	0	0	1	1	0	0	1	1	6	196
2874199	Passiflora caerulea	Plantae	Magnoliopsida	6		0	0	0	0	0	0	0	0	1	1	1	1	6	220
2874574	Cucumis dipsaceus	Plantae	Magnoliopsida	6				0	0			1	1			1	1	6	220
2985994	Hydrangea macrophylla	Plantae	Magnoliopsida	6		0	0	0	0	0	0	0	0	1	1	1	1	6	220
3012103	Sorbaria kirilowii	Plantae	Magnoliopsida	6		0	0	0	0	0	0	0	0	1	1	1	1	6	220
3033535	Clematis tangutica	Plantae	Magnoliopsida	6				0	0			1	1			1	1	6	220
3039046	Fatsia japonica	Plantae	Magnoliopsida	6				0	0			1	1			1	1	6	220
3039270	Elaeagnus pungens	Plantae	Magnoliopsida	6				0	0			1	1			1	1	6	220
3104491	Argyranthemum frutescens	Plantae	Magnoliopsida	6				0	0			1	1			1	1	6	220
3139003	Melampodium montanum	Plantae	Magnoliopsida	6		0	0	0	0	0	0	0	0	1	1	1	1	6	220
3707631	Delosperma aberdeenense	Plantae	Magnoliopsida	6				0	0			1	1			1	1	6	220
3767816	Acer japonicum	Plantae	Magnoliopsida	6		0	0	0	0	0	0	1	1	0	0	1	1	6	220
3924221	Helleborus argutifolius	Plantae	Magnoliopsida	6				0	0			1	1			1	1	6	220
4400961	Badonnelia titei	Animalia	Insecta	6				0	0			1	1			1	1	1	216
4470640	Carabus rutilans	Animalia	Insecta	6				0	0			1	1			1	1	1	216
4932232	Dactylis glomerata lobata	Plantae	Liliopsida	6		0	0	0	0	0	0	0	0	1	1	1	1	6	196
5152536	Gastrodes abietum	Animalia	Insecta	6		0	0	0	0	0	0	1	1	0	0	1	1	1	216
5219681	Sciurus carolinensis	Animalia	Mammalia	6				0	0			1	1			1	1	1	359
5229055	Psittacula eupatria	Animalia	Aves	6		0	0	0	0	0	0	0	0	1	1	1	1	1	212
5229156	Pelecanus conspicillatus	Animalia	Aves	6		0	0	0	0	0	0	0	0	1	1	1	1	1	212
5341548	Gilia capitata	Plantae	Magnoliopsida	6		0	0	0	0	0	0	0	0	1	1	1	1	6	220
5361762	Myriophyllum heterophyllum	Plantae	Magnoliopsida	6		0	0	0	0	0	0	0	0	1	1	1	1	6	220
5370006	Geum ternatum	Plantae	Magnoliopsida	6		0	0	0	0	0	0	0	0	1	1	1	1	6	220
5373124	Malcolmia maritima (L.) W.T.Aiton	Plantae	Magnoliopsida	6		0	0	0	0	0	0	1	1	0	0	1	1	6	220
5414976	Bellardia trixago	Plantae	Magnoliopsida	6		0	0	0	0	0	0	0	0	1	1	1	1	6	220
5825913	Pinus nigra laricio	Plantae	Pinopsida	6		0	0	0	0	0	0	0	0	1	1	1	1	6	194
6709291	Reynoutria compacta	Plantae	Magnoliopsida	6				0	0			1	1			1	1	6	220
7263145	Acer rufinerve	Plantae	Magnoliopsida	6		0	0	0	0	0	0	0	0	1	1	1	1	6	220
8537667	Chondrilla juncea	Plantae	Magnoliopsida	6				0	0			1	1			1	1	6	220
9254355	Lithotoma axillaris	Plantae	Magnoliopsida	6		0	0	0	0	0	0	0	0	1	1	1	1	6	220
9382645	Rosa virginiana	Plantae	Magnoliopsida	6		0	0	0	0	0	0	0	0	1	1	1	1	6	220
11844792	Geum ternatum ternatum	Plantae	Magnoliopsida	6		0	0	0	0	0	0	0	0	1	1	1	1	6	220
2362868	Pseudorasbora parva	Animalia		5.5	0.4300060670193346	1	0	0	0	1	0	0	0	0	0	0	0	1	
2337607	Silurus glanis	Animalia		4.5	3.146269430198258e-4	0	0	0	1	0	0	0	1	0	0	0	1	1	
1650106	Anopheles pharoensis	Animalia	Insecta	2.5				0	0			0	0			1	1	1	216
2007665	Belonochilus numenius	Animalia	Insecta	2.5				0	0			0	0			1	1	1	216
2482519	Corvus albus	Animalia	Aves	2.5				0	0			0	0			1	1	1	212
2495688	Streptopelia roseogrisea	Animalia	Aves	2.5		0	0	0	0	0	0	0	0	0	0	1	1	1	212
3036892	Aralia elata	Plantae	Magnoliopsida	2.5				0	0			0	0			1	1	6	220
3040232	Populus deltoides	Plantae	Magnoliopsida	2.5				0	0			0	0			1	1	6	220
3054352	Juglans cinerea	Plantae	Magnoliopsida	2.5				0	0			0	0			1	1	6	220
3664287	Oenothera casimiri	Plantae	Magnoliopsida	2.5				0	0			0	0			1	1	6	220
5228034	Chrysolophus pictus	Animalia	Aves	2.5		0	0	0	0	0	0	0	0	0	0	1	1	1	212
5652131	Polygonum aviculare rurivagum	Plantae	Magnoliopsida	2.5				0	0			0	0			1	1	6	220
6369140	Prunus domestica domestica	Plantae	Magnoliopsida	2.5				0	0			0	0			1	1	6	220
6432925	Fraxinus angustifolia oxycarpa	Plantae	Magnoliopsida	2.5		0	0	0	0	0	0	0	0	0	0	1	1	6	220
7738766	Miscanthus sacchariflorus	Plantae	Liliopsida	2.5		0	0	0	0	0	0	0	0	0	0	1	1	6	196
5232437	Branta canadensis	Animalia	Aves	0	0.8756048721474925	0	0	0	0	0	0	0	0	0	0	0	0	1	212
3022203	Prunus fruticans	Plantae	Magnoliopsida	0	0.8450375867578498	0	0	0	0	0	0	0	0	0	0	0	0	6	220
9188840	Epilobium ciliatum	Plantae	Magnoliopsida	0	0.7473013808057642	0	0	0	0	0	0	0	0	0	0	0	0	6	220
3028528	Alchemilla mollis	Plantae	Magnoliopsida	0	0.7040143525508692	0	0	0	0	0	0	0	0	0	0	0	0	6	220
5218786	Procyon lotor	Animalia	Mammalia	0	0.6627475216386027	0	0	0	0	0	0	0	0	0	0	0	0	1	359
4409643	Leuciscus idus	Animalia		0	0.6282105876744734	0	0	0	0	0	0	0	0	0	0	0	0	1	
5232452	Branta hutchinsii	Animalia	Aves	0	0.5514538324988333	0	0	0	0	0	0	0	0	0	0	0	0	1	212
2379089	Neogobius melanostomus	Animalia		0	0.09307474882382849	0	0	0	0	0	0	0	0	0	0	0	0	1	
1045323	Pycnomerus sulcicollis	Animalia	Insecta	0		0	0	0	0	0	0	0	0	0	0	0	0	1	216
1316805	Tapinoma melanocephalum	Animalia	Insecta	0				0	0			0	0			0	0	1	216
1323402	Tetramorium bicarinatum	Animalia	Insecta	0		0	0	0	0	0	0	0	0	0	0	0	0	1	216
1719204	Gryllomorpha dalmatina	Animalia	Insecta	0				0	0			0	0			0	0	1	216
1830284	Argyresthia thuiella	Animalia	Insecta	0				0	0			0	0			0	0	1	216
1873890	Cadra cautella	Animalia	Insecta	0				0	0			0	0			0	0	1	216
2138688	Mermessus trilobatus	Animalia	Arachnida	0		0	0	0	0	0	0	0	0	0	0	0	0	1	367
2141622	Amaurobius erberi	Animalia	Arachnida	0		0	0	0	0	0	0	0	0	0	0	0	0	1	367
2234836	Daphnia ambigua	Animalia	Branchiopoda	0		0	0	0	0	0	0	0	0	0	0	0	0	1	281
2308609	Potamothrix moldaviensis	Animalia	Clitellata	0		0	0	0	0	0	0	0	0	0	0	0	0	1	255
2367742	Pimephales promelas	Animalia		0		0	0	0	0	0	0	0	0	0	0	0	0	1	
2426640	Pelophylax bedriagae	Animalia	Amphibia	0		0	0	0	0	0	0	0	0	0	0	0	0	1	131
2439838	Castor canadensis	Animalia	Mammalia	0		0	0	0	0	0	0	0	0	0	0	0	0	1	359
2444339	Vipera aspis	Animalia	Squamata	0		0	0	0	0	0	0	0	0	0	0	0	0	1	11592253
2474162	Coturnix japonica	Animalia	Aves	0		0	0	0	0	0	0	0	0	0	0	0	0	1	212
2474944	Grus japonensis	Animalia	Aves	0		0	0	0	0	0	0	0	0	0	0	0	0	1	212
2476041	Bucorvus leadbeateri	Animalia	Aves	0				0	0			0	0			0	0	1	212
2479311	Platycercus elegans	Animalia	Aves	0		0	0	0	0	0	0	0	0	0	0	0	0	1	212
2479666	Amazona amazonica	Animalia	Aves	0		0	0	0	0	0	0	0	0	0	0	0	0	1	212
2480542	Buteo jamaicensis	Animalia	Aves	0		0	0	0	0	0	0	0	0	0	0	0	0	1	212
2480770	Geronticus eremita	Animalia	Aves	0		0	0	0	0	0	0	0	0	0	0	0	0	1	212
2480772	Plegadis ridgwayi	Animalia	Aves	0		0	0	0	0	0	0	0	0	0	0	0	0	1	212
2480800	Platalea alba	Animalia	Aves	0				0	0			0	0			0	0	1	212
2480989	Caracara plancus	Animalia	Aves	0		0	0	0	0	0	0	0	0	0	0	0	0	1	212
2481034	Falco cherrug	Animalia	Aves	0				0	0			0	0			0	0	1	212
2481110	Phoenicopterus chilensis	Animalia	Aves	0		0	0	0	0	0	0	0	0	0	0	0	0	1	212
2481936	Mycteria ibis	Animalia	Aves	0		0	0	0	0	0	0	0	0	0	0	0	0	1	212
2489010	Acridotheres cristatellus	Animalia	Aves	0				0	0			0	0			0	0	1	212
2489080	Lamprotornis purpureus	Animalia	Aves	0				0	0			0	0			0	0	1	212
2493660	Estrilda astrild	Animalia	Aves	0				0	0			0	0			0	0	1	212
2493698	Amandava amandava	Animalia	Aves	0				0	0			0	0			0	0	1	212
2494088	Euplectes orix	Animalia	Aves	0				0	0			0	0			0	0	1	212
2494097	Euplectes afer	Animalia	Aves	0		0	0	0	0	0	0	0	0	0	0	0	0	1	212
2495134	Dromaius novaehollandiae	Animalia	Aves	0				0	0			0	0			0	0	1	212
2498001	Sarkidiornis melanotos	Animalia	Aves	0		0	0	0	0	0	0	0	0	0	0	0	0	1	212
2498010	Tadorna cana	Animalia	Aves	0		0	0	0	0	0	0	0	0	0	0	0	0	1	212
2498065	Anas flavirostris	Animalia	Aves	0		0	0	0	0	0	0	0	0	0	0	0	0	1	212
2498084	Anas superciliosa	Animalia	Aves	0		0	0	0	0	0	0	0	0	0	0	0	0	1	212
2498163	Anser canagicus	Animalia	Aves	0		0	0	0	0	0	0	0	0	0	0	0	0	1	212
2498167	Anser caerulescens	Animalia	Aves	0				0	0			0	0			0	0	1	212
2498181	Netta peposaca	Animalia	Aves	0		0	0	0	0	0	0	0	0	0	0	0	0	1	212
2498313	Nettapus auritus	Animalia	Aves	0				0	0			0	0			0	0	1	212
2498329	Bucephala albeola	Animalia	Aves	0		0	0	0	0	0	0	0	0	0	0	0	0	1	212
2498335	Cygnus melancoryphus	Animalia	Aves	0				0	0			0	0			0	0	1	212
2498380	Cyanochen cyanoptera	Animalia	Aves	0		0	0	0	0	0	0	0	0	0	0	0	0	1	212
2498390	Marmaronetta angustirostris	Animalia	Aves	0				0	0			0	0			0	0	1	212
2498393	Dendrocygna autumnalis	Animalia	Aves	0		0	0	0	0	0	0	0	0	0	0	0	0	1	212
2498411	Amazonetta brasiliensis	Animalia	Aves	0		0	0	0	0	0	0	0	0	0	0	0	0	1	212
2516809	Melampsoridium betulinum	Fungi	Pucciniomycetes	0		0	0	0	0	0	0	0	0	0	0	0	0	5	270
2683894	Xanthocyparis nootkatensis	Plantae	Pinopsida	0		0	0	0	0	0	0	0	0	0	0	0	0	6	194
2685663	Abies homolepis	Plantae	Pinopsida	0		0	0	0	0	0	0	0	0	0	0	0	0	6	194
2687885	Ginkgo biloba	Plantae	Ginkgoopsida	0				0	0			0	0			0	0	6	244
2701986	Juncus canadensis	Plantae	Liliopsida	0		0	0	0	0	0	0	0	0	0	0	0	0	6	196
2703346	Anthoxanthum nitens	Plantae	Liliopsida	0		0	0	0	0	0	0	0	0	0	0	0	0	6	196
2703712	Bromus carinatus	Plantae	Liliopsida	0		0	0	0	0	0	0	0	0	0	0	0	0	6	196
2706225	Lolium persicum	Plantae	Liliopsida	0				0	0			0	0			0	0	6	196
2722380	Carex crawfordii	Plantae	Liliopsida	0		0	0	0	0	0	0	0	0	0	0	0	0	6	196
2747489	Crocus chrysanthus	Plantae	Liliopsida	0				0	0			0	0			0	0	6	196
2765942	Pontederia crassipes	Plantae	Liliopsida	0				0	0			0	0			0	0	6	196
2767031	Agave americana	Plantae	Liliopsida	0		0	0	0	0	0	0	0	0	0	0	0	0	6	196
2857697	Allium cepa	Plantae	Liliopsida	0				0	0			0	0			0	0	6	196
2867631	Lemna turionifera	Plantae	Liliopsida	0				0	0			0	0			0	0	6	196
2876571	Alnus pubescens	Plantae	Magnoliopsida	0		0	0	0	0	0	0	0	0	0	0	0	0	6	220
2878826	Quercus pyrenaica	Plantae	Magnoliopsida	0		0	0	0	0	0	0	0	0	0	0	0	0	6	220
2882631	Pieris japonica	Plantae	Magnoliopsida	0		0	0	0	0	0	0	0	0	0	0	0	0	6	220
2888990	Rumex salicifolius	Plantae	Magnoliopsida	0		0	0	0	0	0	0	0	0	0	0	0	0	6	220
2889304	Persicaria capitata	Plantae	Magnoliopsida	0		0	0	0	0	0	0	0	0	0	0	0	0	6	220
2890995	Geranium cantabrigiense	Plantae	Magnoliopsida	0		0	0	0	0	0	0	0	0	0	0	0	0	6	220
2925366	Clerodendrum trichotomum	Plantae	Magnoliopsida	0				0	0			0	0			0	0	6	220
2926572	Physostegia virginiana	Plantae	Magnoliopsida	0		0	0	0	0	0	0	0	0	0	0	0	0	6	220
2926681	Lamium confertum	Plantae	Magnoliopsida	0				0	0			0	0			0	0	6	220
2927492	Cuscuta gronovii	Plantae	Magnoliopsida	0		0	0	0	0	0	0	0	0	0	0	0	0	6	220
2928589	Ipomoea tricolor	Plantae	Magnoliopsida	0				0	0			0	0			0	0	6	220
2971024	Melilotus officinalis (L.) Pallas	Plantae	Magnoliopsida	0				0	0			0	0			0	0	6	220
2975132	Vicia narbonensis	Plantae	Magnoliopsida	0				0	0			0	0			0	0	6	220
2986022	Philadelphus pubescens	Plantae	Magnoliopsida	0		0	0	0	0	0	0	0	0	0	0	0	0	6	220
2986132	Ribes divaricatum	Plantae	Magnoliopsida	0		0	0	0	0	0	0	0	0	0	0	0	0	6	220
3011247	Rosa nitida	Plantae	Magnoliopsida	0				0	0			0	0			0	0	6	220
3022668	Prunus virginiana	Plantae	Magnoliopsida	0		0	0	0	0	0	0	0	0	0	0	0	0	6	220
3025605	Cotoneaster zabelii	Plantae	Magnoliopsida	0				0	0			0	0			0	0	6	220
3026004	Cotoneaster watereri	Plantae	Magnoliopsida	0				0	0			0	0			0	0	6	220
3026622	Spiraea vanhouttei	Plantae	Magnoliopsida	0		0	0	0	0	0	0	0	0	0	0	0	0	6	220
3027341	Spiraea nipponica	Plantae	Magnoliopsida	0		0	0	0	0	0	0	0	0	0	0	0	0	6	220
3032762	Saxifraga stolonifera	Plantae	Magnoliopsida	0				0	0			0	0			0	0	6	220
3033965	Akebia quinata	Plantae	Magnoliopsida	0				0	0			0	0			0	0	6	220
3040241	Populus jackii	Plantae	Magnoliopsida	0		0	0	0	0	0	0	0	0	0	0	0	0	6	220
3040999	Raphanus raphanistrum landra	Plantae	Magnoliopsida	0		0	0	0	0	0	0	0	0	0	0	0	0	6	220
3044912	Alyssum montanum	Plantae	Magnoliopsida	0				0	0			0	0			0	0	6	220
3046744	Sisymbrium volgense	Plantae	Magnoliopsida	0		0	0	0	0	0	0	0	0	0	0	0	0	6	220
3046765	Sisymbrium erysimoides	Plantae	Magnoliopsida	0				0	0			0	0			0	0	6	220
3069053	Euphorbia verrucosa	Plantae	Magnoliopsida	0		0	0	0	0	0	0	0	0	0	0	0	0	6	220
3069300	Euphorbia vermiculata	Plantae	Magnoliopsida	0		0	0	0	0	0	0	0	0	0	0	0	0	6	220
3095939	Erigeron huelsenii	Plantae	Magnoliopsida	0		0	0	0	0	0	0	0	0	0	0	0	0	6	220
3096529	Mauranthemum paludosum	Plantae	Magnoliopsida	0		0	0	0	0	0	0	0	0	0	0	0	0	6	220
3097496	Leptinella dispersa	Plantae	Magnoliopsida	0				0	0			0	0			0	0	6	220
3113637	Cirsium rivulare	Plantae	Magnoliopsida	0		0	0	0	0	0	0	0	0	0	0	0	0	6	220
3123262	Pilosella flagellaris	Plantae	Magnoliopsida	0		0	0	0	0	0	0	0	0	0	0	0	0	6	220
3127837	Centaurea hyalolepis	Plantae	Magnoliopsida	0				0	0			0	0			0	0	6	220
3147913	Verbesina encelioides	Plantae	Magnoliopsida	0				0	0			0	0			0	0	6	220
3151692	Symphyotrichum ciliatum	Plantae	Magnoliopsida	0		0	0	0	0	0	0	0	0	0	0	0	0	6	220
3152816	Platanus orientalis	Plantae	Magnoliopsida	0				0	0			0	0			0	0	6	220
3169120	Euonymus alatus	Plantae	Magnoliopsida	0				0	0			0	0			0	0	6	220
3169329	Androsace maxima	Plantae	Magnoliopsida	0		0	0	0	0	0	0	0	0	0	0	0	0	6	220
3171888	Lindernia dubia	Plantae	Magnoliopsida	0		0	0	0	0	0	0	0	0	0	0	0	0	6	220
3172343	Fraxinus latifolia	Plantae	Magnoliopsida	0				0	0			0	0			0	0	6	220
3172613	Catalpa ovata	Plantae	Magnoliopsida	0		0	0	0	0	0	0	0	0	0	0	0	0	6	220
3188896	Oenothera villosa	Plantae	Magnoliopsida	0		0	0	0	0	0	0	0	0	0	0	0	0	6	220
3189824	Aesculus flava	Plantae	Magnoliopsida	0		0	0	0	0	0	0	0	0	0	0	0	0	6	220
3189883	Acer rubrum	Plantae	Magnoliopsida	0		0	0	0	0	0	0	0	0	0	0	0	0	6	220
3633319	Tordylium maximum	Plantae	Magnoliopsida	0		0	0	0	0	0	0	0	0	0	0	0	0	6	220
3638793	Bupleurum fruticosum	Plantae	Magnoliopsida	0				0	0			0	0			0	0	6	220
3642339	Chaerophyllum byzantinum	Plantae	Magnoliopsida	0				0	0			0	0			0	0	6	220
3646556	Pterostyrax hispidus	Plantae	Magnoliopsida	0				0	0			0	0			0	0	6	220
3667721	Oenothera wratislaviensis	Plantae	Magnoliopsida	0		0	0	0	0	0	0	0	0	0	0	0	0	6	220
3693336	Rorippa anceps	Plantae	Magnoliopsida	0		0	0	0	0	0	0	0	0	0	0	0	0	6	220
3740974	Verbascum brockmuelleri	Plantae	Magnoliopsida	0		0	0	0	0	0	0	0	0	0	0	0	0	6	220
3753098	Saxifraga cymbalaria	Plantae	Magnoliopsida	0				0	0			0	0			0	0	6	220
4121791	Molinia arundinacea	Plantae	Liliopsida	0		0	0	0	0	0	0	0	0	0	0	0	0	6	196
4125930	Agropogon lutosus	Plantae	Liliopsida	0				0	0			0	0			0	0	6	196
4285968	Ponticola kessleri	Animalia		0		0	0	0	0	0	0	0	0	0	0	0	0	1	
4410088	Quistadrilus multisetosus	Animalia	Clitellata	0		0	0	0	0	0	0	0	0	0	0	0	0	1	255
4487661	Dichrooscytus intermedius	Animalia	Insecta	0		0	0	0	0	0	0	0	0	0	0	0	0	1	216
4496869	Neuroterus saliens	Animalia	Insecta	0		0	0	0	0	0	0	0	0	0	0	0	0	1	216
4553805	Euscorpius carpathicus	Animalia	Arachnida	0		0	0	0	0	0	0	0	0	0	0	0	0	1	367
4845776	Lonchura oryzivora	Animalia	Aves	0				0	0			0	0			0	0	1	212
5124716	Attacus atlas	Animalia	Insecta	0				0	0			0	0			0	0	1	216
5189713	Menetus dilatatus	Animalia	Gastropoda	0		0	0	0	0	0	0	0	0	0	0	0	0	1	225
5219683	Sciurus niger	Animalia	Mammalia	0		0	0	0	0	0	0	0	0	0	0	0	0	1	359
5227966	Lophura nycthemera	Animalia	Aves	0				0	0			0	0			0	0	1	212
5228080	Callipepla californica	Animalia	Aves	0		0	0	0	0	0	0	0	0	0	0	0	0	1	212
5229044	Psittacula cyanocephala	Animalia	Aves	0		0	0	0	0	0	0	0	0	0	0	0	0	1	212
5229203	Bostrychia hagedash	Animalia	Aves	0				0	0			0	0			0	0	1	212
5231398	Leiothrix lutea	Animalia	Aves	0		0	0	0	0	0	0	0	0	0	0	0	0	1	212
5232435	Malacorhynchus membranaceus	Animalia	Aves	0		0	0	0	0	0	0	0	0	0	0	0	0	1	212
5285053	Pinus ponderosa	Plantae	Pinopsida	0		0	0	0	0	0	0	0	0	0	0	0	0	6	194
5285074	Pinus wallichiana	Plantae	Pinopsida	0		0	0	0	0	0	0	0	0	0	0	0	0	6	194
5285385	Pinus mugo	Plantae	Pinopsida	0		0	0	0	0	0	0	0	0	0	0	0	0	6	194
5285635	Pinus rigida	Plantae	Pinopsida	0		0	0	0	0	0	0	0	0	0	0	0	0	6	194
5289764	Gastridium ventricosum	Plantae	Liliopsida	0		0	0	0	0	0	0	0	0	0	0	0	0	6	196
5295044	Smilax aspera	Plantae	Liliopsida	0				0	0			0	0			0	0	6	196
5296218	Sisyrinchium californicum	Plantae	Liliopsida	0				0	0			0	0			0	0	6	196
5305162	Kniphofia praecox	Plantae	Liliopsida	0				0	0			0	0			0	0	6	196
5332004	Betula nana	Plantae	Magnoliopsida	0		0	0	0	0	0	0	0	0	0	0	0	0	6	220
5332120	Betula papyrifera	Plantae	Magnoliopsida	0		0	0	0	0	0	0	0	0	0	0	0	0	6	220
5333354	Leucothoe fontanesiana	Plantae	Magnoliopsida	0		0	0	0	0	0	0	0	0	0	0	0	0	6	220
5334239	Lonicera sempervirens	Plantae	Magnoliopsida	0				0	0			0	0			0	0	6	220
5334253	Lonicera involucrata	Plantae	Magnoliopsida	0		0	0	0	0	0	0	0	0	0	0	0	0	6	220
5341558	Gilia tricolor	Plantae	Magnoliopsida	0		0	0	0	0	0	0	0	0	0	0	0	0	6	220
5356541	Lathyrus heterophyllus	Plantae	Magnoliopsida	0				0	0			0	0			0	0	6	220
5359169	Trifolium michelianum	Plantae	Magnoliopsida	0		0	0	0	0	0	0	0	0	0	0	0	0	6	220
5359249	Trifolium rubens	Plantae	Magnoliopsida	0		0	0	0	0	0	0	0	0	0	0	0	0	6	220
5372875	Salix myrsinifolia	Plantae	Magnoliopsida	0				0	0			0	0			0	0	6	220
5373039	Salix sepulcralis chrysocoma	Plantae	Magnoliopsida	0				0	0			0	0			0	0	6	220
5376179	Hornungia petraea	Plantae	Magnoliopsida	0		0	0	0	0	0	0	0	0	0	0	0	0	6	220
5377196	Iberis odorata	Plantae	Magnoliopsida	0				0	0			0	0			0	0	6	220
5384393	Amaranthus palmeri	Plantae	Magnoliopsida	0				0	0			0	0			0	0	6	220
5384950	Eclipta prostrata	Plantae	Magnoliopsida	0				0	0			0	0			0	0	6	220
5387098	Dahlia coccinea	Plantae	Magnoliopsida	0				0	0			0	0			0	0	6	220
5402363	Dimorphotheca pluvialis	Plantae	Magnoliopsida	0				0	0			0	0			0	0	6	220
5410661	Campanula pyramidalis	Plantae	Magnoliopsida	0		0	0	0	0	0	0	0	0	0	0	0	0	6	220
5411353	Campanula garganica	Plantae	Magnoliopsida	0		0	0	0	0	0	0	0	0	0	0	0	0	6	220
5421040	Ludwigia hexapetala	Plantae	Magnoliopsida	0				0	0			0	0			0	0	6	220
5421389	Sarracenia purpurea	Plantae	Magnoliopsida	0		0	0	0	0	0	0	0	0	0	0	0	0	6	220
5545159	Ludwigia peploides montevidensis	Plantae	Magnoliopsida	0				0	0			0	0			0	0	6	220
5617467	Alcea rugosa	Plantae	Magnoliopsida	0				0	0			0	0			0	0	6	220
5641274	Primula denticulata	Plantae	Magnoliopsida	0		0	0	0	0	0	0	0	0	0	0	0	0	6	220
5679692	Enteropogon acicularis	Plantae	Liliopsida	0		0	0	0	0	0	0	0	0	0	0	0	0	6	196
5686494	Decaisnea insignis	Plantae	Magnoliopsida	0				0	0			0	0			0	0	6	220
5789082	Euodice malabarica	Animalia	Aves	0				0	0			0	0			0	0	1	212
5892120	Girardia tigrina	Animalia		0		0	0	0	0	0	0	0	0	0	0	0	0	1	
5959231	Ara ararauna	Animalia	Aves	0				0	0			0	0			0	0	1	212
6035638	Chenopodium probstii	Plantae	Magnoliopsida	0				0	0			0	0			0	0	6	220
6100996	Crithagra mozambica	Animalia	Aves	0				0	0			0	0			0	0	1	212
6159273	Lacerta viridis	Animalia	Squamata	0		0	0	0	0	0	0	0	0	0	0	0	0	1	11592253
7190901	Graptemys pseudogeographica pseudogeographica	Animalia	Testudines	0		0	0	0	0	0	0	0	0	0	0	0	0	1	11418114
7262958	Acer monspessulanum	Plantae	Magnoliopsida	0		0	0	0	0	0	0	0	0	0	0	0	0	6	220
7267631	Dianthus giganteus giganteus	Plantae	Magnoliopsida	0				0	0			0	0			0	0	6	220
7270381	Gentiana asclepiadea	Plantae	Magnoliopsida	0		0	0	0	0	0	0	0	0	0	0	0	0	6	220
7271631	Pyrus communis communis	Plantae	Magnoliopsida	0		0	0	0	0	0	0	0	0	0	0	0	0	6	220
7277286	Thalictrum speciosissimum	Plantae	Magnoliopsida	0				0	0			0	0			0	0	6	220
7293727	Ampelopsis glandulosa	Plantae	Magnoliopsida	0				0	0			0	0			0	0	6	220
7307829	Lavandula dentata	Plantae	Magnoliopsida	0				0	0			0	0			0	0	6	220
7319302	Dryopteris cycadina	Plantae	Polypodiopsida	0		0	0	0	0	0	0	0	0	0	0	0	0	6	7228684
7322122	Davidia involucrata	Plantae	Magnoliopsida	0		0	0	0	0	0	0	0	0	0	0	0	0	6	220
7333320	Ellisiophyllum pinnatum	Plantae	Magnoliopsida	0		0	0	0	0	0	0	0	0	0	0	0	0	6	220
7358948	Lasius neglectus	Animalia	Insecta	0		0	0	0	0	0	0	0	0	0	0	0	0	1	216
7529533	Canna hybrida	Plantae	Liliopsida	0		0	0	0	0	0	0	0	0	0	0	0	0	6	196
7624620	Rumex crispus robustus	Plantae	Magnoliopsida	0				0	0			0	0			0	0	6	220
7664179	Technomyrmex vitiensis	Animalia	Insecta	0				0	0			0	0			0	0	1	216
7690055	Carpodacus sibiricus	Animalia	Aves	0				0	0			0	0			0	0	1	212
7740617	Skimmia japonica	Plantae	Magnoliopsida	0		0	0	0	0	0	0	0	0	0	0	0	0	6	220
7832723	Symphyotrichum lateriflorum	Plantae	Magnoliopsida	0		0	0	0	0	0	0	0	0	0	0	0	0	6	220
7848132	Malus toringo	Plantae	Magnoliopsida	0				0	0			0	0			0	0	6	220
7902463	Lonicera maackii	Plantae	Magnoliopsida	0				0	0			0	0			0	0	6	220
7925372	Cerastium maureri	Plantae	Magnoliopsida	0		0	0	0	0	0	0	0	0	0	0	0	0	6	220
8010581	Diplachne fusca	Plantae	Liliopsida	0		0	0	0	0	0	0	0	0	0	0	0	0	6	196
8018277	Centaurea pectinata	Plantae	Magnoliopsida	0				0	0			0	0			0	0	6	220
8021567	Hypericum olympicum	Plantae	Magnoliopsida	0				0	0			0	0			0	0	6	220
8022932	Plantago lagopus	Plantae	Magnoliopsida	0				0	0			0	0			0	0	6	220
8031875	Dasiphora davurica	Plantae	Magnoliopsida	0		0	0	0	0	0	0	0	0	0	0	0	0	6	220
8044946	Epimedium pinnatum	Plantae	Magnoliopsida	0		0	0	0	0	0	0	0	0	0	0	0	0	6	220
8265082	Monochamus sartor	Animalia	Insecta	0				0	0			0	0			0	0	1	216
8326061	Quercus coccinea	Plantae	Magnoliopsida	0		0	0	0	0	0	0	0	0	0	0	0	0	6	220
8402586	Malva clementii	Plantae	Magnoliopsida	0				0	0			0	0			0	0	6	220
9078997	Saissetia oleae	Animalia	Insecta	0				0	0			0	0			0	0	1	216
9228211	Graptemys pseudogeographica	Animalia	Testudines	0		0	0	0	0	0	0	0	0	0	0	0	0	1	11418114
9245228	Hedlundia hybrida	Plantae	Magnoliopsida	0		0	0	0	0	0	0	0	0	0	0	0	0	6	220
9305555	Spatula versicolor	Animalia	Aves	0		0	0	0	0	0	0	0	0	0	0	0	0	1	212
9321334	Pilosella prussica	Plantae	Magnoliopsida	0				0	0			0	0			0	0	6	220
9450106	Anas poecilorhyncha	Animalia	Aves	0		0	0	0	0	0	0	0	0	0	0	0	0	1	212
9541940	Pilosella visianii	Plantae	Magnoliopsida	0				0	0			0	0			0	0	6	220
9583342	Spatula puna	Animalia	Aves	0				0	0			0	0			0	0	1	212
